dataset,k,nodes,edges,degree_tie_ratio,distinct_degrees,distinct_degree_frac,degree_vg_stability,psi_vg_stability,deg_psi_jaccard,deg_psi_overlap_ratio,deg_psi_profile_gap,deg_psi_sig_spearman
actor,10,7600,26659,0.9873,89,0.011711,0.0442,0.6649,0.0066,0.1484,0.2801,-0.6679
airports_brazil,10,131,1003,0.4473,45,0.343511,0.775,0.7792,0.7157,0.9235,0.015,-0.9877
airports_europe,10,399,5993,0.5779,102,0.255639,0.7405,0.819,0.5966,0.8057,0.0322,-0.9767
airports_usa,10,1190,13599,0.8299,144,0.121008,0.2695,0.4613,0.1185,0.4395,0.2384,-0.8298
amazon_computers,10,13752,245861,0.971,347,0.025233,0.0856,0.6648,0.0342,0.3999,0.1658,-0.9031
blogcatalog,10,5196,171743,0.9405,285,0.05485,0.2663,0.2737,0.2883,1.0824,0.0036,-0.9931
coauthor_cs,10,18333,81894,0.9958,94,0.005127,0.0242,0.8652,0.0032,0.1326,0.2125,-0.8872
coauthor_physics,10,34493,247962,0.9952,172,0.004987,0.0222,0.8817,0.0061,0.2742,0.1796,-0.9568
cora_full,10,19793,63421,0.9949,102,0.005153,0.0195,0.7087,0.0022,0.1123,0.3334,-0.6807
cora_ml,10,2995,8158,0.9805,54,0.01803,0.0649,0.6226,0.0122,0.1877,0.3758,-0.5298
crocodile,10,11631,170773,0.9678,320,0.027513,0.0604,0.3161,0.0224,0.3704,0.2003,-0.8812
dblp,10,17716,52867,0.9944,99,0.005588,0.0215,0.642,0.0025,0.1153,0.3419,-0.6303
email_eu_core,10,1005,16064,0.8048,141,0.140299,0.563,0.5671,0.5272,0.9364,0.0106,-0.9911
flickr_attr,10,7575,239738,0.9128,493,0.065083,0.1824,0.2102,0.1733,0.95,0.0158,-0.9753
github,10,37700,289003,0.9892,362,0.009602,0.0259,0.4379,0.0032,0.1233,0.1956,-0.7274
lastfm_asia,10,7624,27806,0.9859,98,0.012854,0.047,0.7941,0.005,0.107,0.3428,-0.7606
penn94,10,41554,1362229,0.9904,497,0.01196,0.0585,0.2458,0.0503,0.8606,0.0352,-0.9418
polblogs,10,1490,16715,0.8556,145,0.097315,0.2869,0.3081,0.2585,0.9012,0.0662,-0.9808
pubmed,10,19717,44324,0.9962,82,0.004159,0.0183,0.5112,0.0025,0.1365,0.4663,-0.5603
questions,10,48921,153540,0.9918,320,0.006541,0.0145,0.1584,0.0019,0.1329,0.396,-0.4189
roman_empire,10,22662,32927,0.9998,11,0.000485,0.0031,0.9999,0.0005,0.155,0.28,0.1564
squirrel,10,5201,198353,0.9031,392,0.07537,0.2044,0.6662,0.1306,0.6392,0.0617,-0.9332
squirrel_filtered,10,2223,46998,0.8311,244,0.109762,0.2418,0.8062,0.106,0.4385,0.1064,-0.8871
tolokers,10,11758,519000,0.9145,754,0.064127,0.1801,0.2931,0.1345,0.7467,0.101,-0.9555
twitch_de,10,9498,153138,0.9608,318,0.033481,0.1021,0.4512,0.0397,0.3887,0.2225,-0.8635
twitch_engb,10,7126,35324,0.9795,130,0.018243,0.0574,0.448,0.0113,0.1966,0.3058,-0.6784
twitch_es,10,4648,59382,0.9418,228,0.049053,0.147,0.3276,0.1063,0.7228,0.0819,-0.8856
twitch_fr,10,6549,112666,0.9496,285,0.043518,0.1403,0.3099,0.1013,0.7218,0.0673,-0.8932
twitch_ptbr,10,1912,31299,0.8844,187,0.097803,0.336,0.404,0.3058,0.91,0.0262,-0.9665
twitch_ru,10,4385,37304,0.9557,165,0.037628,0.1091,0.4392,0.0295,0.2706,0.3397,-0.7761
wiki_attr,10,2405,11596,0.9619,77,0.032017,0.122,0.7781,0.027,0.2211,0.304,-0.7835
wikics,10,11701,215603,0.9706,335,0.02863,0.119,0.3843,0.0767,0.6442,0.1791,-0.9043
genius,10,421961,922868,0.998,592,0.001403,0.0032,0.1469,0.0004,0.122,0.4285,-0.3697
twitch_gamers,10,168114,6797557,0.9878,1803,0.010725,0.0288,0.4783,0.0081,0.2806,0.2105,-0.9221
celegans_neural,10,453,4172,0.8225,58,0.128035,0.7057,0.7903,0.5919,0.8388,0.0307,-0.9545
messal_shale,10,686,6277,0.8603,72,0.104956,0.4867,0.497,0.4643,0.9541,0.0138,-0.9819
plant_pol_robertson,10,1884,15255,0.9051,130,0.069002,0.1947,0.2012,0.1395,0.7162,0.324,-0.953
escorts,10,16730,39044,0.9923,118,0.007053,0.0218,0.3429,0.0028,0.1307,0.4244,-0.3274
nematode_mammal,10,30516,61597,0.9954,124,0.004063,0.0144,0.2855,0.0017,0.1211,0.4528,-0.2297
bag_of_words_kos,10,10336,353160,0.9553,437,0.042279,0.186,0.2419,0.1017,0.5466,0.1188,-0.8928
artnet_exp,10,50405,280348,0.9977,196,0.003889,0.0237,0.2586,0.0033,0.1389,0.2353,-0.6151
bag_of_words_nips,10,13919,746316,0.9004,800,0.057475,0.1583,0.1611,0.1231,0.7777,0.1501,-0.9976
board_directors,10,1797,1759,0.9951,12,0.006678,0.0409,0.2395,0.0176,0.4303,0.3644,0.1813
foursquare_checkin,10,4930,13422,0.9928,47,0.009533,0.0463,0.5029,0.0092,0.1997,0.2469,-0.5327
foursquare_tips,10,6404,9443,0.9916,47,0.007339,0.0248,0.4452,0.004,0.1629,0.3951,-0.1353
plant_pol_kato,10,772,1206,0.937,35,0.045337,0.0869,0.1034,0.0523,0.6017,0.4519,-0.5503
ppi_mouse,10,18838,74510,0.9874,199,0.010564,0.0265,0.1978,0.0066,0.2481,0.2999,-0.5758
ppi_rat,10,7050,14783,0.9855,90,0.012766,0.0302,0.169,0.009,0.2988,0.3383,-0.311
