dataset,seed,bins,pairs,nodes,edges,dsc,dsc_between,dsc_sep,dsc_null,dsc_adj,bins_used,bins_occupied,degree_groups,nodes_in_groups,group_coverage
actor,42,10.0,500.0,7600.0,26659.0,0.715991,0.578302,0.137689,0.738056,-0.084235,10.0,8.0,65.0,3248.0,0.4274
airports_brazil,42,10.0,500.0,131.0,1003.0,0.788693,0.718998,0.069695,0.733853,0.206051,10.0,10.0,22.0,73.0,0.5573
airports_europe,42,10.0,500.0,399.0,5993.0,0.831414,0.748813,0.082601,0.828016,0.019756,10.0,10.0,58.0,272.0,0.6817
airports_usa,42,10.0,500.0,1190.0,13599.0,0.702908,0.597431,0.105477,0.846654,-0.93739,10.0,9.0,81.0,623.0,0.5235
amazon_computers,42,10.0,500.0,13752.0,245861.0,0.68199,0.622755,0.059235,0.840911,-0.998939,10.0,10.0,219.0,11958.0,0.8695
artnet_exp,42,10.0,500.0,50405.0,280348.0,0.824286,0.635706,0.188581,0.861501,-0.268695,10.0,7.0,190.0,16900.0,0.3353
bag_of_words_kos,42,10.0,500.0,10336.0,353160.0,0.858839,0.836582,0.022257,0.876507,-0.143077,10.0,10.0,325.0,10162.0,0.9832
bag_of_words_nips,42,10.0,500.0,13919.0,746316.0,0.949125,0.892656,0.056469,0.897436,0.503964,10.0,10.0,640.0,12145.0,0.8725
blogcatalog,42,10.0,500.0,5196.0,171743.0,0.876763,0.874496,0.002267,0.909745,-0.365438,10.0,10.0,219.0,5130.0,0.9873
board_directors,42,10.0,500.0,1797.0,1759.0,0.7386,0.196798,0.541802,0.770025,-0.136648,10.0,4.0,6.0,221.0,0.123
celegans_neural,42,10.0,500.0,453.0,4172.0,0.698306,0.639527,0.058779,0.775064,-0.341243,10.0,10.0,42.0,390.0,0.8609
coauthor_cs,42,10.0,500.0,18333.0,81894.0,0.649619,0.541304,0.108315,0.692125,-0.138062,10.0,10.0,69.0,11953.0,0.652
coauthor_physics,42,10.0,500.0,34493.0,247962.0,0.649567,0.54365,0.105917,0.738255,-0.338837,10.0,10.0,132.0,27780.0,0.8054
cora_full,42,10.0,500.0,19793.0,63421.0,0.635022,0.481566,0.153456,0.685543,-0.160662,10.0,9.0,71.0,8963.0,0.4528
cora_ml,42,10.0,500.0,2995.0,8158.0,0.632834,0.482007,0.150827,0.678283,-0.14127,10.0,8.0,31.0,1123.0,0.375
crocodile,42,10.0,500.0,11631.0,170773.0,0.706237,0.611829,0.094409,0.823827,-0.667464,10.0,10.0,157.0,9167.0,0.7882
dblp,42,10.0,500.0,17716.0,52867.0,0.643604,0.448159,0.195445,0.731036,-0.32507,10.0,8.0,67.0,6739.0,0.3804
email_eu_core,42,10.0,500.0,1005.0,16064.0,0.821635,0.74158,0.080055,0.850374,-0.192074,10.0,10.0,89.0,742.0,0.7383
escorts,42,10.0,500.0,16730.0,39044.0,0.737044,0.563623,0.17342,0.783321,-0.213573,10.0,6.0,69.0,3857.0,0.2305
flickr_attr,42,10.0,500.0,7575.0,239738.0,0.873657,0.853344,0.020314,0.859167,0.102886,10.0,10.0,311.0,7001.0,0.9242
foursquare_checkin,42,10.0,500.0,4930.0,13422.0,0.663322,0.526823,0.136499,0.681826,-0.058155,10.0,8.0,34.0,2026.0,0.411
foursquare_tips,42,10.0,500.0,6404.0,9443.0,0.714777,0.508106,0.206671,0.754004,-0.159465,10.0,5.0,30.0,996.0,0.1555
genius,42,10.0,500.0,421961.0,922868.0,0.809197,0.832689,-0.023491,0.897815,-0.867235,10.0,4.0,373.0,38638.0,0.0916
github,42,10.0,500.0,37700.0,289003.0,0.787584,0.702445,0.085138,0.803485,-0.080915,10.0,9.0,212.0,21382.0,0.5672
lastfm_asia,42,10.0,500.0,7624.0,27806.0,0.693926,0.534882,0.159043,0.750138,-0.224974,10.0,8.0,67.0,3245.0,0.4256
messal_shale,42,10.0,500.0,686.0,6277.0,0.72817,0.689327,0.038843,0.747115,-0.074915,10.0,10.0,47.0,608.0,0.8863
nematode_mammal,42,10.0,500.0,30516.0,61597.0,0.695313,0.534128,0.161185,0.819792,-0.69075,10.0,5.0,94.0,5506.0,0.1804
penn94,42,10.0,500.0,41554.0,1362229.0,0.840369,0.778674,0.061695,0.897672,-0.559995,10.0,10.0,374.0,38414.0,0.9244
plant_pol_kato,42,10.0,500.0,772.0,1206.0,0.79483,0.716182,0.078648,0.84141,-0.293716,10.0,4.0,15.0,72.0,0.0933
plant_pol_robertson,42,10.0,500.0,1884.0,15255.0,0.854171,0.774884,0.079286,0.840069,0.088175,10.0,8.0,80.0,942.0,0.5
polblogs,42,10.0,500.0,1490.0,16715.0,0.854211,0.71987,0.134341,0.8714,-0.13366,10.0,8.0,98.0,810.0,0.5436
ppi_mouse,42,10.0,500.0,18838.0,74510.0,0.794892,0.736519,0.058373,0.795904,-0.00496,10.0,7.0,110.0,6444.0,0.3421
ppi_rat,42,10.0,500.0,7050.0,14783.0,0.743622,0.667113,0.076509,0.801924,-0.294338,10.0,5.0,43.0,1215.0,0.1723
pubmed,42,10.0,500.0,19717.0,44324.0,0.655713,0.535808,0.119905,0.79766,-0.701526,10.0,6.0,64.0,4754.0,0.2411
questions,42,10.0,500.0,48921.0,153540.0,0.813134,0.756808,0.056326,0.861939,-0.353502,10.0,5.0,188.0,9395.0,0.192
roman_empire,42,10.0,500.0,22662.0,32927.0,0.820253,0.687312,0.132941,0.74691,0.28979,10.0,4.0,6.0,1672.0,0.0738
squirrel,42,10.0,500.0,5201.0,198353.0,0.645072,0.504597,0.140475,0.879819,-1.953276,10.0,10.0,241.0,4319.0,0.8304
squirrel_filtered,42,10.0,500.0,2223.0,46998.0,0.638569,0.492327,0.146242,0.850647,-1.419982,10.0,10.0,147.0,1618.0,0.7278
twitch_de,42,10.0,500.0,9498.0,153138.0,0.784811,0.730818,0.053993,0.831346,-0.275919,10.0,10.0,194.0,7670.0,0.8075
twitch_engb,42,10.0,500.0,7126.0,35324.0,0.73423,0.628869,0.105361,0.76053,-0.109829,10.0,9.0,84.0,3578.0,0.5021
twitch_es,42,10.0,500.0,4648.0,59382.0,0.777133,0.716009,0.061124,0.814955,-0.204394,10.0,10.0,136.0,3518.0,0.7569
twitch_fr,42,10.0,500.0,6549.0,112666.0,0.799902,0.750908,0.048994,0.835028,-0.212925,10.0,10.0,172.0,5459.0,0.8336
twitch_gamers,42,10.0,500.0,168114.0,6797557.0,0.824117,0.790947,0.03317,0.889867,-0.597001,10.0,10.0,1074.0,151824.0,0.9031
twitch_ptbr,42,10.0,500.0,1912.0,31299.0,0.789758,0.740834,0.048925,0.829809,-0.235329,10.0,10.0,103.0,1506.0,0.7877
twitch_ru,42,10.0,500.0,4385.0,37304.0,0.752809,0.680667,0.072142,0.788234,-0.167285,10.0,10.0,88.0,2923.0,0.6666
wiki_attr,42,10.0,500.0,2405.0,11596.0,0.642704,0.54858,0.094124,0.712002,-0.240619,10.0,10.0,52.0,1432.0,0.5954
wikics,42,10.0,500.0,11701.0,215603.0,0.735919,0.647289,0.088631,0.858768,-0.869835,10.0,10.0,246.0,8562.0,0.7317
