dataset,top_signal,top_variant,rival,rival_variant,n_seeds,gap,paired_sem,paired_ratio,independent_sem,independent_ratio,separated_paired,separated_frozen
actor,degree,degree,centrality,hybrid_centrality,10,0.049248,0.006911,7.13,0.005859,8.41,True,True
actor,degree,degree,original,original,10,0.067902,0.009254,7.34,0.007961,8.53,True,True
actor,degree,degree,psi,psi,10,0.016444,0.002671,6.16,0.005082,3.24,True,True
airports_brazil,centrality,hybrid_centrality,degree,hybrid_degree,6,0.021723,0.010681,2.03,0.010582,2.05,True,True
airports_brazil,centrality,hybrid_centrality,original,original,6,0.108681,0.020901,5.2,0.020626,5.27,True,True
airports_brazil,centrality,hybrid_centrality,psi,hybrid,6,0.015813,0.01016,1.56,0.009722,1.63,True,True
airports_europe,degree,hybrid_degree,centrality,hybrid_centrality,6,0.026117,0.004117,6.34,0.010572,2.47,True,True
airports_europe,degree,hybrid_degree,original,original,6,0.142042,0.013895,10.22,0.012901,11.01,True,True
airports_europe,degree,hybrid_degree,psi,hybrid,6,0.002874,0.001648,1.74,0.008291,0.35,True,False
airports_usa,centrality,centrality,degree,degree,6,0.015661,0.008858,1.77,0.009768,1.6,True,True
airports_usa,centrality,centrality,original,original,6,0.132102,0.004067,32.48,0.011399,11.59,True,True
airports_usa,centrality,centrality,psi,hybrid,6,0.014944,0.009011,1.66,0.012823,1.17,True,True
amazon_computers,degree,hybrid_degree,centrality,hybrid_centrality,6,0.010609,0.001653,6.42,0.007674,1.38,True,True
amazon_computers,degree,hybrid_degree,original,original,6,0.012701,0.005027,2.53,0.007787,1.63,True,True
amazon_computers,degree,hybrid_degree,psi,hybrid,6,0.003384,0.003137,1.08,0.008378,0.4,True,False
artnet_exp,degree,degree,centrality,centrality,10,0.01351,0.000936,14.44,0.002314,5.84,True,True
artnet_exp,degree,degree,original,original,10,0.106991,0.011021,9.71,0.01008,10.61,True,True
artnet_exp,degree,degree,psi,psi,10,0.020101,0.004886,4.11,0.004392,4.58,True,True
bag_of_words_kos,psi,hybrid,centrality,hybrid_centrality,10,0.033626,0.003468,9.7,0.010239,3.28,True,True
bag_of_words_kos,psi,hybrid,degree,hybrid_degree,10,0.000514,0.001006,0.51,0.009449,0.05,False,False
bag_of_words_kos,psi,hybrid,original,original,10,0.120455,0.007278,16.55,0.01124,10.72,True,True
bag_of_words_nips,degree,degree,centrality,centrality,3,0.046635,0.011498,4.06,0.022262,2.09,True,True
bag_of_words_nips,degree,degree,original,original,3,0.220754,0.012801,17.25,0.014957,14.76,True,True
bag_of_words_nips,degree,degree,psi,psi,3,0.002258,0.009009,0.25,0.020001,0.11,False,False
blogcatalog,psi,hybrid,centrality,hybrid_centrality,6,0.00448,0.00269,1.67,0.009268,0.48,True,False
blogcatalog,psi,hybrid,degree,hybrid_degree,6,0.001265,0.000677,1.87,0.009309,0.14,True,False
blogcatalog,psi,hybrid,original,original,6,0.020538,0.005814,3.53,0.008395,2.45,True,True
board_directors,psi,hybrid,centrality,centrality,3,0.046925,0.037127,1.26,0.027503,1.71,True,True
board_directors,psi,hybrid,degree,degree,3,0.099525,0.030357,3.28,0.024393,4.08,True,True
board_directors,psi,hybrid,original,original,3,0.012079,0.017851,0.68,0.014091,0.86,False,False
celegans_neural,original,original,centrality,hybrid_centrality,3,0.002957,0.005676,0.52,0.013974,0.21,False,False
celegans_neural,original,original,degree,hybrid_degree,3,0.037244,0.006679,5.58,0.011771,3.16,True,True
celegans_neural,original,original,psi,hybrid,3,0.021023,0.003757,5.6,0.013339,1.58,True,True
coauthor_cs,original,original,centrality,hybrid_centrality,6,0.018934,0.003322,5.7,0.006786,2.79,True,True
coauthor_cs,original,original,degree,hybrid_degree,6,0.064659,0.006461,10.01,0.007568,8.54,True,True
coauthor_cs,original,original,psi,hybrid,6,0.042137,0.005114,8.24,0.007368,5.72,True,True
coauthor_physics,centrality,hybrid_centrality,degree,hybrid_degree,6,0.06076,0.005647,10.76,0.008787,6.91,True,True
coauthor_physics,centrality,hybrid_centrality,original,original,6,0.008293,0.003713,2.23,0.010558,0.79,True,False
coauthor_physics,centrality,hybrid_centrality,psi,hybrid,6,0.031948,0.001875,17.04,0.009847,3.24,True,True
cora_full,centrality,hybrid_centrality,degree,hybrid_degree,3,0.041434,0.012595,3.29,0.011031,3.76,True,True
cora_full,centrality,hybrid_centrality,original,original,3,0.002389,0.008011,0.3,0.013406,0.18,False,False
cora_full,centrality,hybrid_centrality,psi,hybrid,3,0.040468,0.005699,7.1,0.011409,3.55,True,True
cora_ml,original,original,centrality,hybrid_centrality,6,0.018998,0.006363,2.99,0.010311,1.84,True,True
cora_ml,original,original,degree,hybrid_degree,6,0.056995,0.004692,12.15,0.006437,8.85,True,True
cora_ml,original,original,psi,hybrid,6,0.063551,0.004922,12.91,0.009464,6.71,True,True
crocodile,psi,hybrid,centrality,hybrid_centrality,3,0.019366,0.01299,1.49,0.032882,0.59,True,False
crocodile,psi,hybrid,degree,hybrid_degree,3,0.008313,0.003883,2.14,0.028725,0.29,True,False
crocodile,psi,hybrid,original,original,3,0.070027,0.020927,3.35,0.039302,1.78,True,True
dblp,centrality,hybrid_centrality,degree,hybrid_degree,6,0.0058,0.006941,0.84,0.006639,0.87,False,False
dblp,centrality,hybrid_centrality,original,original,6,0.00097,0.00465,0.21,0.007227,0.13,False,False
dblp,centrality,hybrid_centrality,psi,hybrid,6,0.032074,0.005516,5.81,0.006576,4.88,True,True
email_eu_core,degree,degree,centrality,centrality,6,0.007728,0.004856,1.59,0.01336,0.58,True,False
email_eu_core,degree,degree,original,original,6,0.112855,0.005923,19.05,0.008221,13.73,True,True
email_eu_core,degree,degree,psi,psi,6,0.000748,0.001174,0.64,0.010003,0.07,False,False
escorts,degree,hybrid_degree,centrality,hybrid_centrality,3,0.019887,0.025087,0.79,0.019807,1.0,False,True
escorts,degree,hybrid_degree,original,original,3,0.083554,0.01036,8.06,0.015531,5.38,True,True
escorts,degree,hybrid_degree,psi,hybrid,3,0.039649,0.015728,2.52,0.012066,3.29,True,True
flickr_attr,degree,degree,centrality,centrality,6,0.005796,0.005941,0.98,0.007529,0.77,False,False
flickr_attr,degree,degree,original,original,6,0.206016,0.008485,24.28,0.011136,18.5,True,True
flickr_attr,degree,degree,psi,psi,6,0.000858,0.001115,0.77,0.005698,0.15,False,False
foursquare_checkin,degree,hybrid_degree,centrality,hybrid_centrality,10,0.009587,0.004366,2.2,0.00475,2.02,True,True
foursquare_checkin,degree,hybrid_degree,original,original,10,0.053927,0.005145,10.48,0.006459,8.35,True,True
foursquare_checkin,degree,hybrid_degree,psi,psi,10,0.003068,0.004099,0.75,0.004825,0.64,False,False
foursquare_tips,degree,degree,centrality,hybrid_centrality,10,0.109329,0.006529,16.75,0.006638,16.47,True,True
foursquare_tips,degree,degree,original,original,10,0.082985,0.006271,13.23,0.006815,12.18,True,True
foursquare_tips,degree,degree,psi,hybrid,10,0.104697,0.007396,14.16,0.007466,14.02,True,True
genetic_fission_yeast,degree,degree,centrality,centrality,3,0.000842,0.008428,0.1,0.016751,0.05,False,False
genetic_fission_yeast,degree,degree,original,original,3,0.153757,0.016826,9.14,0.017238,8.92,True,True
genetic_fission_yeast,degree,degree,psi,psi,3,0.000355,0.001583,0.22,0.014391,0.02,False,False
genius,psi,hybrid,centrality,hybrid_centrality,3,0.115906,0.010794,10.74,0.016541,7.01,True,True
genius,psi,hybrid,degree,hybrid_degree,3,0.06525,0.006299,10.36,0.006034,10.81,True,True
genius,psi,hybrid,original,original,3,0.120449,0.020112,5.99,0.021844,5.51,True,True
github,degree,degree,centrality,centrality,6,0.09556,0.006124,15.6,0.006202,15.41,True,True
github,degree,degree,original,original,6,0.161788,0.011068,14.62,0.010307,15.7,True,True
github,degree,degree,psi,psi,6,0.000633,0.003063,0.21,0.005505,0.11,False,False
lastfm_asia,centrality,hybrid_centrality,degree,hybrid_degree,10,0.024245,0.004015,6.04,0.004218,5.75,True,True
lastfm_asia,centrality,hybrid_centrality,original,original,10,0.012475,0.003617,3.45,0.006259,1.99,True,True
lastfm_asia,centrality,hybrid_centrality,psi,hybrid,10,0.023456,0.002759,8.5,0.004012,5.85,True,True
messal_shale,original,original,centrality,hybrid_centrality,3,0.004772,0.011685,0.41,0.010671,0.45,False,False
messal_shale,original,original,degree,hybrid_degree,3,0.004069,0.014903,0.27,0.011102,0.37,False,False
messal_shale,original,original,psi,hybrid,3,0.006023,0.013235,0.46,0.010835,0.56,False,False
nematode_mammal,degree,degree,centrality,hybrid_centrality,10,0.032022,0.008719,3.67,0.007845,4.08,True,True
nematode_mammal,degree,degree,original,original,10,0.045953,0.005891,7.8,0.008762,5.24,True,True
nematode_mammal,degree,degree,psi,hybrid,10,0.050698,0.006203,8.17,0.005853,8.66,True,True
penn94,centrality,centrality,degree,degree,3,0.011902,0.001871,6.36,0.008936,1.33,True,True
penn94,centrality,centrality,original,original,3,0.026717,0.004699,5.69,0.012033,2.22,True,True
penn94,centrality,centrality,psi,hybrid,3,0.011876,0.000658,18.05,0.00868,1.37,True,True
plant_pol_kato,centrality,centrality,degree,hybrid_degree,3,0.112268,0.01545,7.27,0.018075,6.21,True,True
plant_pol_kato,centrality,centrality,original,original,3,0.140483,0.00775,18.13,0.025858,5.43,True,True
plant_pol_kato,centrality,centrality,psi,hybrid,3,0.048163,0.019065,2.53,0.033657,1.43,True,True
plant_pol_robertson,psi,hybrid,centrality,hybrid_centrality,10,0.023048,0.00425,5.42,0.01338,1.72,True,True
plant_pol_robertson,psi,hybrid,degree,hybrid_degree,10,0.007455,0.00156,4.78,0.011608,0.64,True,False
plant_pol_robertson,psi,hybrid,original,original,10,0.157723,0.007764,20.31,0.011833,13.33,True,True
polblogs,degree,hybrid_degree,centrality,hybrid_centrality,6,0.010219,0.004296,2.38,0.010234,1.0,True,False
polblogs,degree,hybrid_degree,original,original,6,0.042498,0.007672,5.54,0.01475,2.88,True,True
polblogs,degree,hybrid_degree,psi,hybrid,6,0.000223,0.002032,0.11,0.010653,0.02,False,False
ppi_fly,centrality,centrality,degree,degree,3,0.010427,0.003199,3.26,0.011187,0.93,True,False
ppi_fly,centrality,centrality,original,original,3,0.1238,0.007286,16.99,0.007859,15.75,True,True
ppi_fly,centrality,centrality,psi,psi,3,0.016015,0.00525,3.05,0.009445,1.7,True,True
ppi_human,degree,degree,centrality,centrality,3,0.015253,0.005724,2.66,0.009126,1.67,True,True
ppi_human,degree,degree,original,original,3,0.216978,0.004757,45.61,0.008397,25.84,True,True
ppi_human,degree,degree,psi,psi,3,0.017093,0.002431,7.03,0.008979,1.9,True,True
ppi_mouse,degree,hybrid_degree,centrality,centrality,10,0.102601,0.007175,14.3,0.00671,15.29,True,True
ppi_mouse,degree,hybrid_degree,original,original,10,0.107424,0.009451,11.37,0.010894,9.86,True,True
ppi_mouse,degree,hybrid_degree,psi,hybrid,10,0.031709,0.003892,8.15,0.00772,4.11,True,True
ppi_rat,psi,hybrid,centrality,hybrid_centrality,10,0.041813,0.006299,6.64,0.008055,5.19,True,True
ppi_rat,psi,hybrid,degree,hybrid_degree,10,0.022277,0.004606,4.84,0.007539,2.95,True,True
ppi_rat,psi,hybrid,original,original,10,0.061441,0.008942,6.87,0.009918,6.19,True,True
ppi_yeast,degree,degree,centrality,centrality,3,0.021137,0.003792,5.57,0.011104,1.9,True,True
ppi_yeast,degree,degree,original,original,3,0.140935,0.004698,30.0,0.011173,12.61,True,True
ppi_yeast,degree,degree,psi,psi,3,0.000299,0.001672,0.18,0.009132,0.03,False,False
pubmed,centrality,hybrid_centrality,degree,hybrid_degree,10,0.088268,0.003534,24.98,0.004188,21.08,True,True
pubmed,centrality,hybrid_centrality,original,original,10,0.02497,0.005414,4.61,0.007997,3.12,True,True
pubmed,centrality,hybrid_centrality,psi,hybrid,10,0.033798,0.002404,14.06,0.005671,5.96,True,True
questions,degree,hybrid_degree,centrality,hybrid_centrality,10,0.017315,0.004712,3.67,0.009536,1.82,True,True
questions,degree,hybrid_degree,original,original,10,0.098823,0.010054,9.83,0.010254,9.64,True,True
questions,degree,hybrid_degree,psi,hybrid,10,0.017447,0.006046,2.89,0.012126,1.44,True,True
roman_empire,centrality,hybrid_centrality,degree,degree,10,0.178142,0.006177,28.84,0.005476,32.53,True,True
roman_empire,centrality,hybrid_centrality,original,original,10,0.098676,0.007139,13.82,0.007013,14.07,True,True
roman_empire,centrality,hybrid_centrality,psi,hybrid,10,0.149267,0.004693,31.81,0.005638,26.47,True,True
squirrel,degree,hybrid_degree,centrality,hybrid_centrality,6,0.010095,0.007278,1.39,0.017779,0.57,True,False
squirrel,degree,hybrid_degree,original,original,6,0.043769,0.010494,4.17,0.019872,2.2,True,True
squirrel,degree,hybrid_degree,psi,hybrid,6,0.00199,0.008361,0.24,0.018163,0.11,False,False
squirrel_filtered,centrality,centrality,degree,degree,10,0.001882,0.002585,0.73,0.002958,0.64,False,False
squirrel_filtered,centrality,centrality,original,original,10,0.034113,0.003864,8.83,0.004817,7.08,True,True
squirrel_filtered,centrality,centrality,psi,psi,10,0.015773,0.003244,4.86,0.003372,4.68,True,True
tolokers,psi,psi,centrality,centrality,10,0.006672,0.00394,1.69,0.006139,1.09,True,True
tolokers,psi,psi,degree,degree,10,0.007852,0.001528,5.14,0.005676,1.38,True,True
tolokers,psi,psi,original,original,10,0.052788,0.010049,5.25,0.010325,5.11,True,True
twitch_de,psi,psi,centrality,centrality,3,0.03715,0.003784,9.82,0.00476,7.8,True,True
twitch_de,psi,psi,degree,degree,3,0.021202,0.002481,8.55,0.004752,4.46,True,True
twitch_de,psi,psi,original,original,3,0.136974,0.005171,26.49,0.005161,26.54,True,True
twitch_engb,degree,hybrid_degree,centrality,hybrid_centrality,3,0.044033,0.002864,15.38,0.007696,5.72,True,True
twitch_engb,degree,hybrid_degree,original,original,3,0.067901,0.006461,10.51,0.007584,8.95,True,True
twitch_engb,degree,hybrid_degree,psi,hybrid,3,0.016603,0.00339,4.9,0.006548,2.54,True,True
twitch_es,psi,psi,centrality,centrality,6,0.019689,0.002594,7.59,0.007271,2.71,True,True
twitch_es,psi,psi,degree,degree,6,0.006015,0.002872,2.09,0.007494,0.8,True,False
twitch_es,psi,psi,original,original,6,0.119071,0.005212,22.84,0.007408,16.07,True,True
twitch_fr,psi,psi,centrality,centrality,6,0.03692,0.002676,13.79,0.00474,7.79,True,True
twitch_fr,psi,psi,degree,degree,6,0.000835,0.003495,0.24,0.005177,0.16,False,False
twitch_fr,psi,psi,original,original,6,0.081669,0.007512,10.87,0.005875,13.9,True,True
twitch_gamers,psi,psi,centrality,centrality,3,0.022931,0.007194,3.19,0.006579,3.49,True,True
twitch_gamers,psi,psi,degree,degree,3,0.009796,0.007359,1.33,0.006851,1.43,True,True
twitch_gamers,psi,psi,original,original,3,0.109017,0.010155,10.74,0.012681,8.6,True,True
twitch_ptbr,psi,psi,centrality,centrality,6,0.0203,0.005226,3.88,0.008243,2.46,True,True
twitch_ptbr,psi,psi,degree,degree,6,0.00168,0.001315,1.28,0.008369,0.2,True,False
twitch_ptbr,psi,psi,original,original,6,0.089633,0.010728,8.35,0.012078,7.42,True,True
twitch_ru,degree,hybrid_degree,centrality,centrality,6,0.048772,0.009315,5.24,0.007717,6.32,True,True
twitch_ru,degree,hybrid_degree,original,original,6,0.11652,0.01086,10.73,0.009291,12.54,True,True
twitch_ru,degree,hybrid_degree,psi,psi,6,0.003582,0.008444,0.42,0.006986,0.51,False,False
wiki_attr,original,original,centrality,hybrid_centrality,3,0.022845,0.003566,6.41,0.015782,1.45,True,True
wiki_attr,original,original,degree,hybrid_degree,3,0.026575,0.009152,2.9,0.013397,1.98,True,True
wiki_attr,original,original,psi,hybrid,3,0.008404,0.007491,1.12,0.014569,0.58,True,False
wikics,degree,hybrid_degree,centrality,hybrid_centrality,6,0.00965,0.00151,6.39,0.008307,1.16,True,True
wikics,degree,hybrid_degree,original,original,6,0.031224,0.002196,14.22,0.007775,4.02,True,True
wikics,degree,hybrid_degree,psi,hybrid,6,0.000723,0.001094,0.66,0.008432,0.09,False,False
