dataset,seed,bins,pairs,nodes,edges,dsc,dsc_null,dsc_adj,bins_used,bins_occupied,degree_groups,nodes_in_groups,group_coverage
actor,42,10.0,500.0,7600.0,26659.0,0.520541,0.533884,-0.028628,10.0,8.0,69.0,7580.0,0.9974
airports_brazil,42,10.0,500.0,131.0,1003.0,0.731056,0.599269,0.328867,10.0,10.0,26.0,112.0,0.855
airports_europe,42,10.0,500.0,399.0,5993.0,0.72217,0.725218,-0.011091,10.0,10.0,62.0,359.0,0.8997
airports_usa,42,10.0,500.0,1190.0,13599.0,0.555139,0.691457,-0.44181,10.0,9.0,85.0,1131.0,0.9504
amazon_computers,42,10.0,500.0,13752.0,245861.0,0.636832,0.796991,-0.788929,10.0,10.0,223.0,13348.0,0.9706
artnet_exp,42,10.0,500.0,50405.0,280348.0,0.535568,0.65477,-0.345283,10.0,7.0,194.0,50403.0,1.0
bag_of_words_kos,42,10.0,500.0,10336.0,353160.0,0.856883,0.873034,-0.127211,10.0,10.0,329.0,10228.0,0.9896
bag_of_words_nips,42,10.0,500.0,13919.0,746316.0,0.930361,0.861232,0.498161,10.0,10.0,644.0,13720.0,0.9857
blogcatalog,42,10.0,500.0,5196.0,171743.0,0.877176,0.910346,-0.369976,10.0,10.0,219.0,5130.0,0.9873
board_directors,42,10.0,500.0,1797.0,1759.0,0.629795,0.416245,0.365821,10.0,4.0,10.0,1795.0,0.9989
celegans_neural,42,10.0,500.0,453.0,4172.0,0.652845,0.719104,-0.235883,10.0,10.0,46.0,435.0,0.9603
coauthor_cs,42,10.0,500.0,18333.0,81894.0,0.519022,0.576311,-0.135217,10.0,10.0,73.0,18312.0,0.9989
coauthor_physics,42,10.0,500.0,34493.0,247962.0,0.571492,0.668115,-0.291132,10.0,10.0,136.0,34457.0,0.999
cora_full,42,10.0,500.0,19793.0,63421.0,0.434729,0.501286,-0.133457,10.0,9.0,75.0,19766.0,0.9986
cora_ml,42,10.0,500.0,2995.0,8158.0,0.440846,0.473947,-0.062924,10.0,8.0,35.0,2976.0,0.9937
crocodile,42,10.0,500.0,11631.0,170773.0,0.660476,0.760218,-0.415973,10.0,10.0,161.0,11472.0,0.9863
dblp,42,10.0,500.0,17716.0,52867.0,0.396812,0.512398,-0.237049,10.0,8.0,71.0,17688.0,0.9984
email_eu_core,42,10.0,500.0,1005.0,16064.0,0.717734,0.746487,-0.113416,10.0,10.0,93.0,939.0,0.9343
escorts,42,10.0,500.0,16730.0,39044.0,0.487911,0.501208,-0.026659,10.0,6.0,73.0,16685.0,0.9973
flickr_attr,42,10.0,500.0,7575.0,239738.0,0.869988,0.845248,0.159868,10.0,10.0,315.0,7397.0,0.9765
foursquare_checkin,42,10.0,500.0,4930.0,13422.0,0.470161,0.475002,-0.009221,10.0,8.0,38.0,4921.0,0.9982
foursquare_tips,42,10.0,500.0,6404.0,9443.0,0.403819,0.449317,-0.082622,10.0,5.0,34.0,6388.0,0.9975
genius,42,10.0,500.0,421961.0,922868.0,0.958452,0.618355,0.891135,10.0,4.0,377.0,421651.0,0.9993
github,42,10.0,500.0,37700.0,289003.0,0.66646,0.681309,-0.046596,10.0,9.0,216.0,37554.0,0.9961
lastfm_asia,42,10.0,500.0,7624.0,27806.0,0.461301,0.539133,-0.168882,10.0,8.0,71.0,7597.0,0.9965
messal_shale,42,10.0,500.0,686.0,6277.0,0.697124,0.713447,-0.056964,10.0,10.0,51.0,665.0,0.9694
nematode_mammal,42,10.0,500.0,30516.0,61597.0,0.434793,0.479056,-0.084966,10.0,5.0,98.0,30490.0,0.9991
penn94,42,10.0,500.0,41554.0,1362229.0,0.794648,0.85677,-0.433722,10.0,10.0,378.0,41435.0,0.9971
plant_pol_kato,42,10.0,500.0,772.0,1206.0,0.920777,0.540426,0.827617,10.0,4.0,19.0,755.0,0.978
plant_pol_robertson,42,10.0,500.0,1884.0,15255.0,0.796493,0.642229,0.43118,10.0,8.0,84.0,1838.0,0.9756
polblogs,42,10.0,500.0,1490.0,16715.0,0.737365,0.74469,-0.028688,10.0,8.0,102.0,1182.0,0.7933
ppi_mouse,42,10.0,500.0,18838.0,74510.0,0.737327,0.610739,0.325201,10.0,7.0,114.0,18718.0,0.9936
ppi_rat,42,10.0,500.0,7050.0,14783.0,0.665727,0.499715,0.331834,10.0,5.0,47.0,6994.0,0.9921
pubmed,42,10.0,500.0,19717.0,44324.0,0.579467,0.485253,0.18303,10.0,6.0,68.0,19703.0,0.9993
questions,42,10.0,500.0,48921.0,153540.0,0.748856,0.628602,0.323787,10.0,5.0,192.0,48793.0,0.9974
roman_empire,42,10.0,500.0,22662.0,32927.0,0.633726,0.559771,0.167992,10.0,4.0,9.0,22660.0,0.9999
squirrel,42,10.0,500.0,5201.0,198353.0,0.587401,0.836642,-1.52573,10.0,10.0,245.0,5054.0,0.9717
squirrel_filtered,42,10.0,500.0,2223.0,46998.0,0.538127,0.786843,-1.166818,10.0,10.0,151.0,2130.0,0.9582
twitch_de,42,10.0,500.0,9498.0,153138.0,0.713415,0.764004,-0.214364,10.0,10.0,198.0,9378.0,0.9874
twitch_engb,42,10.0,500.0,7126.0,35324.0,0.574532,0.598943,-0.060866,10.0,9.0,88.0,7084.0,0.9941
twitch_es,42,10.0,500.0,4648.0,59382.0,0.69822,0.733571,-0.132684,10.0,10.0,140.0,4560.0,0.9811
twitch_fr,42,10.0,500.0,6549.0,112666.0,0.738482,0.773262,-0.153396,10.0,10.0,176.0,6440.0,0.9834
twitch_gamers,42,10.0,500.0,168114.0,6797557.0,0.787758,0.85547,-0.468502,10.0,10.0,1078.0,167389.0,0.9957
twitch_ptbr,42,10.0,500.0,1912.0,31299.0,0.729352,0.756894,-0.113291,10.0,10.0,107.0,1832.0,0.9582
twitch_ru,42,10.0,500.0,4385.0,37304.0,0.648835,0.682072,-0.104542,10.0,10.0,92.0,4312.0,0.9834
wiki_attr,42,10.0,500.0,2405.0,11596.0,0.535389,0.591065,-0.136151,10.0,10.0,56.0,2343.0,0.9742
wikics,42,10.0,500.0,11701.0,215603.0,0.663798,0.766325,-0.43876,10.0,10.0,250.0,11280.0,0.964
