property,tier,augmentation_helps,does_not,ratio,rho_vs_label,p,n,label
degree_assortativity,exploratory,-0.1152,0.0313,-3.68,-0.6101,0.0003,30,helps
largest_component_frac,primary,1.0,0.9979,1.0,0.5048,0.0044,30,helps
components,primary,1.0,3.0,0.33,-0.4677,0.0092,30,helps
degree_skew,exploratory,14.4123,2.7297,5.28,0.4313,0.0173,30,helps
homophily_adjusted,primary,0.0219,0.0972,0.23,-0.4002,0.0284,30,helps
avg_clustering,primary,0.2009,0.3758,0.53,-0.4002,0.0284,30,helps
nbr_predictability_adjusted,primary,0.1235,0.276,0.45,-0.3614,0.0497,30,helps
degree_gini,exploratory,0.6106,0.523,1.17,0.3148,0.0902,30,helps
edge_homophily,exploratory,0.5453,0.5945,0.92,-0.2992,0.1082,30,helps
n_classes,primary,2.0,3.0,0.67,-0.189,0.3172,30,helps
majority_class_frac,exploratory,0.5456,0.3994,1.37,0.1826,0.3341,30,helps
nbr_label_entropy,exploratory,0.6296,0.4793,1.31,0.1438,0.4485,30,helps
density,exploratory,0.0025,0.004,0.63,-0.0738,0.6982,30,helps
nodes,exploratory,7600.0,10000.0,0.76,0.0738,0.6982,30,helps
avg_degree,primary,29.3651,15.313,1.92,0.0427,0.8225,30,helps
degree_skew,exploratory,14.4123,2.3578,6.11,0.6178,0.0017,23,needs
degree_assortativity,exploratory,-0.1152,0.0273,-4.21,-0.5909,0.003,23,needs
avg_clustering,primary,0.2009,0.3599,0.56,-0.4298,0.0407,23,needs
degree_gini,exploratory,0.6273,0.483,1.3,0.4163,0.0481,23,needs
density,exploratory,0.0014,0.006,0.23,-0.3358,0.1173,23,needs
largest_component_frac,primary,1.0,0.999,1.0,0.2975,0.1681,23,needs
components,primary,1.0,2.0,0.5,-0.2364,0.2774,23,needs
avg_degree,primary,25.5516,29.3059,0.87,-0.2283,0.2947,23,needs
homophily_adjusted,primary,0.0899,0.0949,0.95,-0.188,0.3903,23,needs
nbr_predictability_adjusted,primary,0.1379,0.2519,0.55,-0.188,0.3903,23,needs
nodes,exploratory,9498.0,7598.0,1.25,0.1612,0.4626,23,needs
nbr_label_entropy,exploratory,0.6296,0.5998,1.05,-0.1343,0.5412,23,needs
majority_class_frac,exploratory,0.5456,0.4977,1.1,0.1209,0.5827,23,needs
edge_homophily,exploratory,0.5708,0.5716,1.0,-0.1074,0.6256,23,needs
n_classes,primary,2.0,2.5,0.8,-0.0816,0.7112,23,needs
