dataset,band,winner_signals,decided,signal,beats_original,encoder
actor,frozen,degree|psi,False,,True,gatv2_edge
actor,paired,degree|psi,False,,True,gatv2_edge
actor,frozen,degree,True,degree,True,graphsage_edge
actor,paired,degree,True,degree,True,graphsage_edge
airports_brazil,frozen,centrality|degree|original|psi,False,,False,gatv2_edge
airports_brazil,paired,centrality|degree|original|psi,False,,False,gatv2_edge
airports_brazil,frozen,centrality,True,centrality,True,graphsage_edge
airports_brazil,paired,centrality,True,centrality,True,graphsage_edge
airports_europe,frozen,degree|psi,False,,True,gatv2_edge
airports_europe,paired,degree|psi,False,,True,gatv2_edge
airports_europe,frozen,degree|psi,False,,True,graphsage_edge
airports_europe,paired,degree,True,degree,True,graphsage_edge
airports_usa,frozen,original,True,original,False,gatv2_edge
airports_usa,paired,original,True,original,False,gatv2_edge
airports_usa,frozen,centrality,True,centrality,True,graphsage_edge
airports_usa,paired,centrality,True,centrality,True,graphsage_edge
amazon_computers,frozen,centrality|original,False,,False,gatv2_edge
amazon_computers,paired,centrality|original,False,,False,gatv2_edge
amazon_computers,frozen,centrality|degree|original|psi,False,,False,graphsage_edge
amazon_computers,paired,degree,True,degree,True,graphsage_edge
amherst41,frozen,centrality|degree|original|psi,False,,False,gatv2_edge
amherst41,paired,original,True,original,False,gatv2_edge
amherst41,frozen,centrality|degree|psi,False,,True,graphsage_edge
amherst41,paired,centrality|degree|original|psi,False,,False,graphsage_edge
blogcatalog,frozen,centrality|psi,False,,True,gatv2_edge
blogcatalog,paired,centrality|psi,False,,True,gatv2_edge
blogcatalog,frozen,centrality|degree|psi,False,,True,graphsage_edge
blogcatalog,paired,centrality|psi,False,,True,graphsage_edge
chameleon_filtered,frozen,centrality|original,False,,False,gatv2_edge
chameleon_filtered,paired,centrality|original,False,,False,gatv2_edge
chameleon_filtered,frozen,centrality|original,False,,False,graphsage_edge
chameleon_filtered,paired,centrality|original,False,,False,graphsage_edge
citeseer_linqs,frozen,centrality|degree|original,False,,False,gatv2_edge
citeseer_linqs,paired,centrality|degree|original,False,,False,gatv2_edge
citeseer_linqs,frozen,original,True,original,False,graphsage_edge
citeseer_linqs,paired,original,True,original,False,graphsage_edge
cora_full,frozen,centrality|original,False,,False,gatv2_edge
cora_full,paired,centrality|original,False,,False,gatv2_edge
cora_full,frozen,centrality|original,False,,False,graphsage_edge
cora_full,paired,centrality|original,False,,False,graphsage_edge
cornell5,frozen,centrality|degree|original|psi,False,,False,gatv2_edge
cornell5,paired,original|psi,False,,False,gatv2_edge
cornell5,frozen,centrality|degree|psi,False,,True,graphsage_edge
cornell5,paired,centrality|degree|psi,False,,True,graphsage_edge
crocodile,frozen,centrality|degree|psi,False,,True,gatv2_edge
crocodile,paired,centrality|degree|psi,False,,True,gatv2_edge
crocodile,frozen,centrality|degree|psi,False,,True,graphsage_edge
crocodile,paired,psi,True,psi,True,graphsage_edge
deezer_europe,frozen,original,True,original,False,gatv2_edge
deezer_europe,paired,original,True,original,False,gatv2_edge
deezer_europe,frozen,centrality|original,False,,False,graphsage_edge
deezer_europe,paired,centrality|original,False,,False,graphsage_edge
enzymes,frozen,original,True,original,False,gatv2_edge
enzymes,paired,original,True,original,False,gatv2_edge
enzymes,frozen,original,True,original,False,graphsage_edge
enzymes,paired,original,True,original,False,graphsage_edge
genius,frozen,psi,True,psi,True,gatv2_edge
genius,paired,psi,True,psi,True,gatv2_edge
genius,frozen,psi,True,psi,True,graphsage_edge
genius,paired,psi,True,psi,True,graphsage_edge
johnshopkins55,frozen,centrality|degree|original|psi,False,,False,gatv2_edge
johnshopkins55,paired,centrality|original,False,,False,gatv2_edge
johnshopkins55,frozen,centrality,True,centrality,True,graphsage_edge
johnshopkins55,paired,centrality,True,centrality,True,graphsage_edge
minesweeper,frozen,centrality|original,False,,False,gatv2_edge
minesweeper,paired,centrality|original,False,,False,gatv2_edge
minesweeper,frozen,original,True,original,False,graphsage_edge
minesweeper,paired,original,True,original,False,graphsage_edge
proteins,frozen,original,True,original,False,gatv2_edge
proteins,paired,original,True,original,False,gatv2_edge
proteins,frozen,original,True,original,False,graphsage_edge
proteins,paired,original,True,original,False,graphsage_edge
pubmed,frozen,centrality|original,False,,False,gatv2_edge
pubmed,paired,centrality|original,False,,False,gatv2_edge
pubmed,frozen,centrality,True,centrality,True,graphsage_edge
pubmed,paired,centrality,True,centrality,True,graphsage_edge
questions,frozen,centrality,True,centrality,True,gatv2_edge
questions,paired,centrality,True,centrality,True,gatv2_edge
questions,frozen,degree,True,degree,True,graphsage_edge
questions,paired,degree,True,degree,True,graphsage_edge
reed98,frozen,centrality|psi,False,,True,gatv2_edge
reed98,paired,centrality,True,centrality,True,gatv2_edge
reed98,frozen,centrality|degree|psi,False,,True,graphsage_edge
reed98,paired,centrality,True,centrality,True,graphsage_edge
roman_empire,frozen,centrality,True,centrality,True,gatv2_edge
roman_empire,paired,centrality,True,centrality,True,gatv2_edge
roman_empire,frozen,centrality,True,centrality,True,graphsage_edge
roman_empire,paired,centrality,True,centrality,True,graphsage_edge
squirrel_filtered,frozen,centrality|original|psi,False,,False,gatv2_edge
squirrel_filtered,paired,centrality|original,False,,False,gatv2_edge
squirrel_filtered,frozen,centrality|degree,False,,True,graphsage_edge
squirrel_filtered,paired,centrality|degree,False,,True,graphsage_edge
tolokers,frozen,degree|original|psi,False,,False,gatv2_edge
tolokers,paired,original|psi,False,,False,gatv2_edge
tolokers,frozen,psi,True,psi,True,graphsage_edge
tolokers,paired,psi,True,psi,True,graphsage_edge
twitch_de,frozen,centrality|degree|psi,False,,True,gatv2_edge
twitch_de,paired,centrality|degree|psi,False,,True,gatv2_edge
twitch_de,frozen,psi,True,psi,True,graphsage_edge
twitch_de,paired,psi,True,psi,True,graphsage_edge
twitch_engb,frozen,degree,True,degree,True,gatv2_edge
twitch_engb,paired,degree,True,degree,True,gatv2_edge
twitch_engb,frozen,degree,True,degree,True,graphsage_edge
twitch_engb,paired,degree,True,degree,True,graphsage_edge
twitch_es,frozen,centrality|degree|psi,False,,True,gatv2_edge
twitch_es,paired,degree,True,degree,True,gatv2_edge
twitch_es,frozen,degree|psi,False,,True,graphsage_edge
twitch_es,paired,psi,True,psi,True,graphsage_edge
twitch_gamers,frozen,psi,True,psi,True,gatv2_edge
twitch_gamers,paired,psi,True,psi,True,gatv2_edge
twitch_gamers,frozen,psi,True,psi,True,graphsage_edge
twitch_gamers,paired,psi,True,psi,True,graphsage_edge
twitch_ptbr,frozen,centrality|degree|psi,False,,True,gatv2_edge
twitch_ptbr,paired,centrality|degree|psi,False,,True,gatv2_edge
twitch_ptbr,frozen,degree|psi,False,,True,graphsage_edge
twitch_ptbr,paired,psi,True,psi,True,graphsage_edge
wiki_attr,frozen,original,True,original,False,gatv2_edge
wiki_attr,paired,original,True,original,False,gatv2_edge
wiki_attr,frozen,original|psi,False,,False,graphsage_edge
wiki_attr,paired,original,True,original,False,graphsage_edge
