dataset,homophily_adjusted,nbr_predictability_adjusted,components,largest_component_frac,avg_degree,avg_clustering,n_classes,edge_homophily,nbr_label_entropy,density,degree_gini,degree_skew,degree_assortativity,majority_class_frac,nodes,gatv2_alone,helps,needs,gatv2_original,gatv2_best_aug
enzymes,0.3613,0.4844,640.0,0.0064,3.8289,0.4024,3.0,0.6653,0.3721,0.000197,0.1569,0.3976,0.1755,0.4949,19474.0,beats,False,False,0.6931,0.6684
roman_empire,-0.0468,0.3324,1.0,1.0,2.9059,0.3859,18.0,0.0469,0.3188,0.000128,0.1769,1.5077,-0.0282,0.1396,22662.0,loses,True,True,0.5709,0.7173
tolokers,0.0926,-0.3274,1.0,1.0,88.2803,0.5329,2.0,0.5945,0.7242,0.007509,0.6905,4.3006,-0.0803,0.7818,11758.0,beats,False,False,0.8509,0.8415
questions,0.0207,-0.0041,1.0,1.0,6.2771,0.0307,2.0,0.8396,0.1139,0.000128,0.7455,17.4282,-0.1519,0.9702,48921.0,no difference,True,,0.4889,0.6739
citeseer_linqs,0.6731,0.6849,390.0,0.6464,2.7794,0.1447,6.0,0.7377,0.0997,0.000852,0.4353,10.1214,0.0481,0.2086,3264.0,loses,False,True,0.5355,0.5422
proteins,0.3552,0.476,1195.0,0.0143,3.7291,0.3814,3.0,0.6568,0.3635,8.6e-05,0.1634,1.0099,0.1516,0.4865,43466.0,beats,False,False,0.6642,0.5585
pubmed,0.686,0.6946,1.0,1.0,4.496,0.0602,3.0,0.8024,0.1264,0.000228,0.6037,5.2093,-0.0436,0.3994,19717.0,no difference,False,,0.6541,0.6294
actor,0.0028,0.006,1.0,1.0,7.0155,0.0802,5.0,0.2167,0.5092,0.000923,0.5691,51.7858,-0.0469,0.2586,7600.0,no difference,True,,0.6573,0.6894
minesweeper,0.0094,0.0,1.0,1.0,7.8804,0.4355,2.0,0.6828,0.6121,0.000788,0.0146,-4.7716,0.3915,0.8,10000.0,beats,False,False,0.7031,0.6858
squirrel_filtered,0.0086,0.0123,1.0,1.0,42.2834,0.4631,5.0,0.2072,0.7443,0.019029,0.715,2.6578,0.2021,0.3401,2223.0,no difference,False,,0.7625,0.7565
reed98,0.0219,0.0168,1.0,1.0,39.1102,0.3184,2.0,0.5216,0.8937,0.040697,0.4632,1.8516,0.0234,0.5827,962.0,beats,True,False,0.7581,0.7757
amherst41,0.0598,0.2128,1.0,1.0,81.3906,0.3104,2.0,0.5306,0.928,0.036433,0.4138,1.399,0.0584,0.5005,2235.0,beats,False,False,0.7946,0.7837
johnshopkins55,0.0972,0.2278,11.0,0.9956,72.0409,0.2684,2.0,0.5488,0.8773,0.01391,0.4906,2.0213,0.0798,0.5479,5180.0,beats,False,False,0.8063,0.799
cornell5,0.0907,0.276,17.0,0.9979,84.7564,0.2191,2.0,0.5464,0.8971,0.004542,0.4754,6.9452,0.0181,0.5164,18660.0,beats,False,False,0.7655,0.7706
chameleon_filtered,0.0295,0.125,1.0,1.0,19.8966,0.5769,5.0,0.2361,0.6482,0.022381,0.6147,2.5473,0.0308,0.2719,890.0,no difference,False,,0.8939,0.8966
twitch_de,0.1394,0.1235,1.0,1.0,32.2464,0.2009,2.0,0.6322,0.7534,0.003395,0.6304,19.9644,-0.1152,0.6045,9498.0,loses,True,True,0.4458,0.6244
deezer_europe,0.0304,-0.0014,1.0,1.0,6.5593,0.1412,2.0,0.5251,0.5875,0.000232,0.523,4.0511,0.1041,0.5567,28281.0,beats,False,False,0.7278,0.685
airports_europe,-0.0741,0.1246,1.0,1.0,30.0401,0.5393,4.0,0.4046,0.4676,0.075478,0.5701,1.8024,-0.2252,0.2556,399.0,no difference,True,,0.6657,0.8004
airports_brazil,-0.0332,0.1667,1.0,1.0,15.313,0.6364,4.0,0.4307,0.4793,0.117792,0.5436,1.6594,-0.2747,0.2672,131.0,beats,False,False,0.7537,0.752
airports_usa,0.2629,0.2963,3.0,0.9966,22.8555,0.5011,4.0,0.6978,0.3655,0.019222,0.711,2.7297,0.0313,0.2513,1190.0,beats,False,False,0.8857,0.8536
genius,-0.0527,-0.0028,100.0,0.9998,4.3742,0.0281,2.0,0.5932,0.1734,1e-05,0.7215,106.192,-0.1025,0.8001,421961.0,loses,True,True,0.4041,0.5561
twitch_es,0.1036,0.0625,1.0,1.0,25.5516,0.2225,2.0,0.58,0.7151,0.005499,0.6273,7.9029,-0.1891,0.7074,4648.0,loses,True,True,0.4902,0.7311
twitch_engb,0.0852,0.0661,1.0,1.0,9.9141,0.1309,2.0,0.556,0.6296,0.001391,0.6106,14.4123,-0.1219,0.5456,7126.0,loses,True,True,0.5765,0.6992
amazon_computers,0.6823,0.8505,314.0,0.973,35.7564,0.3441,10.0,0.7772,0.1842,0.0026,0.5607,17.3433,-0.0565,0.3751,13752.0,beats,False,False,0.8041,0.804
blogcatalog,0.2724,0.6204,1.0,1.0,66.1059,0.1224,6.0,0.4011,0.752,0.012725,0.3944,2.6943,-0.02,0.1773,5196.0,beats,True,False,0.6949,0.7131
twitch_ptbr,0.1069,0.1422,1.0,1.0,32.7395,0.3199,2.0,0.5708,0.7472,0.017132,0.6069,5.637,-0.2325,0.6543,1912.0,loses,True,True,0.5029,0.7463
wiki_attr,0.564,0.6599,45.0,0.98,9.6432,0.3758,17.0,0.6097,0.2219,0.004011,0.53,7.7776,-0.094,0.1688,2405.0,beats,False,False,0.7433,0.6944
crocodile,0.0154,0.1379,1.0,1.0,29.3651,0.3365,5.0,0.2288,0.5581,0.002525,0.6563,16.1619,-0.2766,0.2119,11631.0,loses,True,True,0.486,0.7127
cora_full,0.5558,0.6569,364.0,0.9498,6.4084,0.2607,70.0,0.567,0.1285,0.000324,0.5111,7.8749,-0.045,0.0469,19793.0,no difference,False,,0.7204,0.7196
twitch_gamers,0.0899,0.2155,1.0,1.0,80.8684,0.1599,2.0,0.5453,0.8647,0.000481,0.6809,42.3749,-0.0869,0.5299,168114.0,loses,True,True,0.5533,0.6282
