predictor,tier,rho_vs_density,n_cells,n_degree,n_psi,degree_values,psi_values,spearman_rho,threshold,degree_side,n_exceptions,accuracy,interval_lo,interval_hi,loo_accuracy,loo_correct,loo_folds,majority_baseline,separation_by_chance,expected_free_winners,rule
deg_psi_overlap_ratio,degree,0.9439,19,9,10,0.1484|0.8057|0.3999|0.1389|0.1629|0.1211|0.2481|0.1329|0.1966,1.0824|0.3704|0.1220|0.7162|0.2988|0.7467|0.3887|0.7228|0.2806|0.9100,-0.5004,0.2643,low,3,0.8421,0.2481,0.2806,0.7895,15,19,0.5263,0.0,0.0,use degree when deg_psi_overlap_ratio is low (< 0.2643)
deg_psi_jaccard,degree,0.9882,19,9,10,0.0066|0.5966|0.0342|0.0033|0.0040|0.0017|0.0066|0.0019|0.0113,0.2883|0.0224|0.0004|0.1395|0.0090|0.1345|0.0397|0.1063|0.0081|0.3058,-0.4236,0.0073,low,4,0.7895,0.0066,0.0081,0.7895,15,19,0.5263,0.0,0.0,use degree when deg_psi_jaccard is low (< 0.0073)
deg_psi_sig_spearman,degree,-0.8667,19,9,10,-0.6679|-0.9767|-0.9031|-0.6151|-0.1353|-0.2297|-0.5758|-0.4189|-0.6784,-0.9931|-0.8812|-0.3697|-0.9530|-0.3110|-0.9555|-0.8635|-0.8856|-0.9221|-0.9665,0.4041,-0.771,high,4,0.7895,-0.8635,-0.6784,0.7895,15,19,0.5263,0.0,0.0,use degree when deg_psi_sig_spearman is high (> -0.771)
nbr_label_entropy,exploratory,0.4868,19,9,10,0.5092|0.4676|0.1842|0.1882|0.0000|0.0000|0.0483|0.1139|0.6296,0.7520|0.5581|0.1734|0.0000|0.0605|0.7242|0.7534|0.7151|0.8647|0.7472,-0.482,0.5336,low,4,0.7895,0.5092,0.5581,0.7368,14,19,0.5263,0.0,0.0,use degree when nbr_label_entropy is low (< 0.5336)
avg_degree,primary,0.6877,19,9,10,7.0155|30.0401|35.7564|11.1238|2.9491|4.0370|7.9106|6.2771|9.9141,66.1059|29.3651|4.3742|16.1943|4.1938|88.2803|32.2464|25.5516|80.8684|32.7395,-0.4426,13.659,low,4,0.7895,11.1238,16.1943,0.7368,14,19,0.5263,0.0,0.0,use degree when avg_degree is low (< 13.659)
degree_tie_ratio,degree,-0.9789,19,9,10,0.9873|0.5779|0.9710|0.9977|0.9916|0.9954|0.9874|0.9918|0.9795,0.9405|0.9678|0.9980|0.9051|0.9855|0.9145|0.9608|0.9418|0.9878|0.8844,0.4041,0.9694,high,4,0.7895,0.9678,0.971,0.6842,13,19,0.5263,0.0,0.0,use degree when degree_tie_ratio is high (> 0.9694)
deg_psi_profile_gap,degree,-0.8053,19,9,10,0.2801|0.0322|0.1658|0.2353|0.3951|0.4528|0.2999|0.3960|0.3058,0.0036|0.2003|0.4285|0.3240|0.3383|0.1010|0.2225|0.0819|0.2105|0.0262,0.3272,0.2289,high,5,0.7368,0.2225,0.2353,0.6842,13,19,0.5263,0.0,0.0,use degree when deg_psi_profile_gap is high (> 0.2289)
components,primary,-0.4165,19,9,10,1.0000|1.0000|314.0000|1.0000|424.0000|1591.0000|111.0000|1.0000|1.0000,1.0000|1.0000|100.0000|2.0000|105.0000|1.0000|1.0000|1.0000|1.0000|1.0000,0.2779,108.0,high,5,0.7368,105.0,111.0,0.6842,13,19,0.5263,0.0,0.0,use degree when components is high (> 108.0)
avg_clustering,primary,0.645,19,9,10,0.0802|0.5393|0.3441|0.0772|0.0000|0.0000|0.0992|0.0307|0.1309,0.1224|0.3365|0.0281|0.0000|0.0725|0.5329|0.2009|0.2225|0.1599|0.3199,-0.1928,0.1108,low,6,0.6842,0.0992,0.1224,0.6316,12,19,0.5263,0.0,0.0,use degree when avg_clustering is low (< 0.1108)
distinct_degree_frac,degree,0.9825,19,9,10,0.0117|0.2556|0.0252|0.0039|0.0073|0.0041|0.0106|0.0065|0.0182,0.0549|0.0275|0.0014|0.0690|0.0128|0.0641|0.0335|0.0491|0.0107|0.0978,-0.4234,0.0264,low,4,0.7895,0.0252,0.0275,0.5789,11,19,0.5263,0.0,0.0,use degree when distinct_degree_frac is low (< 0.0264)
density,exploratory,1.0,19,9,10,0.0009|0.0755|0.0026|0.0002|0.0005|0.0001|0.0004|0.0001|0.0014,0.0127|0.0025|0.0000|0.0086|0.0006|0.0075|0.0034|0.0055|0.0005|0.0171,-0.3849,0.0005,low,5,0.7368,0.0005,0.0005,0.5789,11,19,0.5263,0.0,0.0,use degree when density is low (< 0.0005)
degree_vg_stability,degree,0.9965,19,9,10,0.0442|0.7405|0.0856|0.0237|0.0248|0.0144|0.0265|0.0145|0.0574,0.2663|0.0604|0.0032|0.1947|0.0302|0.1801|0.1021|0.1470|0.0288|0.3360,-0.3849,0.0277,low,5,0.7368,0.0265,0.0288,0.5789,11,19,0.5263,0.0,0.0,use degree when degree_vg_stability is low (< 0.0277)
largest_component_frac,primary,0.3821,19,9,10,1.0000|1.0000|0.9730|1.0000|0.8371|0.8585|0.9887|1.0000|1.0000,1.0000|1.0000|0.9998|0.9989|0.9650|1.0000|1.0000|1.0000|1.0000|1.0000,-0.2335,0.9938,low,6,0.6842,0.9887,0.9989,0.5789,11,19,0.5263,0.0,0.0,use degree when largest_component_frac is low (< 0.9938)
degree_gini,exploratory,-0.486,19,9,10,0.5691|0.5701|0.5607|0.7481|0.4856|0.6252|0.6951|0.7455|0.6106,0.3944|0.6563|0.7215|0.6903|0.6444|0.6905|0.6304|0.6273|0.6809|0.6069,-0.154,0.6262,low,5,0.7368,0.6252,0.6273,0.5789,11,19,0.5263,0.0,0.0,use degree when degree_gini is low (< 0.6262)
distinct_degrees,degree,-0.0606,19,9,10,89.0000|102.0000|347.0000|196.0000|47.0000|124.0000|199.0000|320.0000|130.0000,285.0000|320.0000|592.0000|130.0000|90.0000|754.0000|318.0000|228.0000|1803.0000|187.0000,-0.4238,213.5,low,5,0.7368,199.0,228.0,0.5263,10,19,0.5263,0.0,0.0,use degree when distinct_degrees is low (< 213.5)
degree_assortativity,exploratory,-0.3947,19,9,10,-0.0469|-0.2252|-0.0565|0.0268|-0.0386|-0.0265|-0.1053|-0.1519|-0.1219,-0.0200|-0.2766|-0.1025|-0.3152|-0.2034|-0.0803|-0.1152|-0.1891|-0.0869|-0.2325,0.3849,-0.0684,high,5,0.7368,-0.0803,-0.0565,0.5263,10,19,0.5263,0.0,0.0,use degree when degree_assortativity is high (> -0.0684)
psi_vg_stability,degree,0.4614,19,9,10,0.6649|0.8190|0.6648|0.2586|0.4452|0.2855|0.1978|0.1584|0.4480,0.2737|0.3161|0.1469|0.2012|0.1690|0.2931|0.4512|0.3276|0.4783|0.4040,0.2117,0.4246,high,6,0.6842,0.404,0.4452,0.5263,10,19,0.5263,0.0,0.0,use degree when psi_vg_stability is high (> 0.4246)
majority_class_frac,exploratory,-0.3544,19,9,10,0.2586|0.2556|0.3751|0.9000|0.5141|0.6109|0.5719|0.9702|0.5456,0.1773|0.2119|0.8001|0.7580|0.6433|0.7818|0.6045|0.7074|0.5299|0.6543,-0.1347,0.5882,low,6,0.6842,0.5719,0.6045,0.5263,10,19,0.5263,0.0,0.0,use degree when majority_class_frac is low (< 0.5882)
homophily_adjusted,primary,0.3286,19,9,10,0.0028|-0.0741|0.6823|0.1553|-1.0000|-1.0000|-0.2589|0.0207|0.0852,0.2724|0.0154|-0.0527|-1.0000|-0.2504|0.0926|0.1394|0.1036|0.0899|0.1069,-0.2121,0.0875,low,6,0.6842,0.0852,0.0899,0.4737,9,19,0.5263,0.0,0.0,use degree when homophily_adjusted is low (< 0.0875)
n_classes,primary,0.138,19,9,10,5.0000|4.0000|10.0000|2.0000|2.0000|2.0000|10.0000|2.0000|2.0000,6.0000|5.0000|2.0000|2.0000|9.0000|2.0000|2.0000|2.0000|2.0000|2.0000,0.1558,9.5,high,7,0.6316,9.0,10.0,0.4737,9,19,0.5263,0.0,0.0,use degree when n_classes is high (> 9.5)
edge_homophily,exploratory,-0.1459,19,9,10,0.2167|0.4046|0.7772|0.8317|0.0000|0.0000|0.5607|0.8396|0.5560,0.4011|0.2288|0.5932|0.0000|0.5105|0.5945|0.6322|0.5800|0.5453|0.5708,0.0,0.7047,high,6,0.6842,0.6322,0.7772,0.4737,9,19,0.5263,0.0,0.0,use degree when edge_homophily is high (> 0.7047)
nodes,exploratory,-0.7965,19,9,10,7600.0000|399.0000|13752.0000|50405.0000|6404.0000|30516.0000|18838.0000|48921.0000|7126.0000,5196.0000|11631.0000|421961.0000|1884.0000|7050.0000|11758.0000|9498.0000|4648.0000|168114.0000|1912.0000,0.1732,12755.0,high,6,0.6842,11758.0,13752.0,0.4211,8,19,0.5263,0.0,0.0,use degree when nodes is high (> 12755.0)
degree_skew,exploratory,-0.6123,19,9,10,51.7858|1.8024|17.3433|4.0589|15.9933|11.0472|55.3483|17.4282|14.4123,2.6943|16.1619|106.1920|4.2962|25.0739|4.3006|19.9644|7.9029|42.3749|5.6370,0.0192,9.475,high,7,0.6316,7.9029,11.0472,0.2105,4,19,0.5263,0.0,0.0,use degree when degree_skew is high (> 9.475)
nbr_predictability_adjusted,primary,0.2337,19,9,10,0.0060|0.1246|0.8505|0.0617|1.0000|1.0000|0.0764|-0.0041|0.0661,0.6204|0.1379|-0.0028|1.0000|-0.0696|-0.3274|0.1235|0.0625|0.2155|0.1422,0.0771,0.7354,high,7,0.6316,0.6204,0.8505,0.0,0,19,0.5263,0.0,0.0,use degree when nbr_predictability_adjusted is high (> 0.7354)
