predictor,tier,rho_vs_density,n_augmenting,n_degree,n_missing,degree_datasets,degree_range,rest_range,spearman_rho,threshold,degree_side,n_exceptions,accuracy,interval_lo,interval_hi,loo_accuracy,loo_correct,loo_folds,majority_baseline,loo_majority,rule,blocked_by,credible
deg_psi_overlap_ratio,degree,0.8556,40,9,0,actor|airports_europe|amazon_computers|artnet_exp|foursquare_tips|nematode_mammal|ppi_mouse|questions|twitch_engb,0.1211-0.8057,0.1070-1.0824,-0.3553,0.1215,low,9,0.775,0.1211,0.122,0.6,24,40,0.775,0.775,use degree when deg_psi_overlap_ratio is low (< 0.1215),,False
deg_psi_sig_spearman,degree,-0.7698,40,9,0,actor|airports_europe|amazon_computers|artnet_exp|foursquare_tips|nematode_mammal|ppi_mouse|questions|twitch_engb,-0.9767--0.1353,-0.9976-0.1564,0.3241,-0.2703,high,8,0.8,-0.311,-0.2297,0.625,25,40,0.775,0.775,use degree when deg_psi_sig_spearman is high (> -0.2703),,False
density,exploratory,1.0,40,9,0,actor|airports_europe|amazon_computers|artnet_exp|foursquare_tips|nematode_mammal|ppi_mouse|questions|twitch_engb,0.0001-0.0755,0.0000-0.1178,-0.3216,0.0002,low,8,0.8,0.0002,0.0002,0.75,30,40,0.775,0.775,use degree when density is low (< 0.0002),,False
avg_degree,primary,0.62,40,9,0,actor|airports_europe|amazon_computers|artnet_exp|foursquare_tips|nematode_mammal|ppi_mouse|questions|twitch_engb,2.9491-35.7564,2.9059-107.2370,-0.3138,3.0368,low,9,0.775,2.9491,3.1244,0.75,30,40,0.775,0.775,use degree when avg_degree is low (< 3.0368),,False
distinct_degree_frac,degree,0.9856,40,9,0,actor|airports_europe|amazon_computers|artnet_exp|foursquare_tips|nematode_mammal|ppi_mouse|questions|twitch_engb,0.0039-0.2556,0.0005-0.3435,-0.3086,0.0041,low,9,0.775,0.0041,0.0042,0.675,27,40,0.775,0.775,use degree when distinct_degree_frac is low (< 0.0041),,False
degree_vg_stability,degree,0.9915,40,9,0,actor|airports_europe|amazon_computers|artnet_exp|foursquare_tips|nematode_mammal|ppi_mouse|questions|twitch_engb,0.0144-0.7405,0.0031-0.7750,-0.3086,0.0164,low,9,0.775,0.0145,0.0183,0.7,28,40,0.775,0.775,use degree when degree_vg_stability is low (< 0.0164),,False
deg_psi_jaccard,degree,0.9699,40,9,0,actor|airports_europe|amazon_computers|artnet_exp|foursquare_tips|nematode_mammal|ppi_mouse|questions|twitch_engb,0.0017-0.5966,0.0004-0.7157,-0.3086,0.0022,low,9,0.775,0.0019,0.0025,0.7,28,40,0.775,0.775,use degree when deg_psi_jaccard is low (< 0.0022),,False
deg_psi_profile_gap,degree,-0.7234,40,9,0,actor|airports_europe|amazon_computers|artnet_exp|foursquare_tips|nematode_mammal|ppi_mouse|questions|twitch_engb,0.0322-0.4528,0.0036-0.4663,0.2723,0.4524,high,9,0.775,0.4519,0.4528,0.675,27,40,0.775,0.775,use degree when deg_psi_profile_gap is high (> 0.4524),,False
degree_tie_ratio,degree,-0.9697,40,9,0,actor|airports_europe|amazon_computers|artnet_exp|foursquare_tips|nematode_mammal|ppi_mouse|questions|twitch_engb,0.5779-0.9977,0.4473-0.9998,0.2723,0.6913,low,9,0.775,0.5779,0.8048,0.775,31,40,0.775,0.775,use degree when degree_tie_ratio is low (< 0.6913),,False
degree_skew,exploratory,-0.5539,40,9,0,actor|airports_europe|amazon_computers|artnet_exp|foursquare_tips|nematode_mammal|ppi_mouse|questions|twitch_engb,1.8024-55.3483,1.5077-106.1920,0.2619,47.0803,high,9,0.775,42.3749,51.7858,0.55,22,40,0.775,0.775,use degree when degree_skew is high (> 47.0803),,False
nbr_label_entropy,exploratory,0.3749,40,9,0,actor|airports_europe|amazon_computers|artnet_exp|foursquare_tips|nematode_mammal|ppi_mouse|questions|twitch_engb,0.0000-0.6296,0.0000-0.8891,-0.2213,0.8769,high,10,0.75,0.8647,0.8891,0.725,29,40,0.775,0.775,use degree when nbr_label_entropy is high (> 0.8769),,False
avg_clustering,primary,0.5151,40,9,0,actor|airports_europe|amazon_computers|artnet_exp|foursquare_tips|nematode_mammal|ppi_mouse|questions|twitch_engb,0.0000-0.5393,0.0000-0.6364,-0.1953,0.5361,high,9,0.775,0.5329,0.5393,0.725,29,40,0.775,0.775,use degree when avg_clustering is high (> 0.5361),,False
nodes,exploratory,-0.8112,40,9,0,actor|airports_europe|amazon_computers|artnet_exp|foursquare_tips|nematode_mammal|ppi_mouse|questions|twitch_engb,399.0000-50405.0000,131.0000-421961.0000,0.1841,585.5,low,9,0.775,399.0,772.0,0.7,28,40,0.775,0.775,use degree when nodes is low (< 585.5),,False
distinct_degrees,degree,0.0776,40,9,0,actor|airports_europe|amazon_computers|artnet_exp|foursquare_tips|nematode_mammal|ppi_mouse|questions|twitch_engb,47.0000-347.0000,11.0000-1803.0000,-0.1816,23.0,low,10,0.75,11.0,35.0,0.75,30,40,0.775,0.775,use degree when distinct_degrees is low (< 23.0),,False
homophily_adjusted,primary,0.0915,40,9,0,actor|airports_europe|amazon_computers|artnet_exp|foursquare_tips|nematode_mammal|ppi_mouse|questions|twitch_engb,-1.0000-0.6823,-1.0000-0.8724,-0.1692,0.8643,high,10,0.75,0.8562,0.8724,0.725,29,40,0.775,0.775,use degree when homophily_adjusted is high (> 0.8643),,False
components,primary,-0.1589,40,9,0,actor|airports_europe|amazon_computers|artnet_exp|foursquare_tips|nematode_mammal|ppi_mouse|questions|twitch_engb,1.0000-1591.0000,1.0000-418.0000,0.1581,421.0,high,7,0.825,418.0,424.0,0.725,29,40,0.775,0.775,use degree when components is high (> 421.0),,False
nbr_predictability_adjusted,primary,0.0354,40,9,0,actor|airports_europe|amazon_computers|artnet_exp|foursquare_tips|nematode_mammal|ppi_mouse|questions|twitch_engb,-0.0041-1.0000,-0.3274-1.0000,-0.1276,-0.1985,low,10,0.75,-0.3274,-0.0696,0.725,29,40,0.775,0.775,use degree when nbr_predictability_adjusted is low (< -0.1985),,False
largest_component_frac,primary,0.0841,40,9,0,actor|airports_europe|amazon_computers|artnet_exp|foursquare_tips|nematode_mammal|ppi_mouse|questions|twitch_engb,0.8371-1.0000,0.8201-1.0000,-0.123,0.9018,low,8,0.8,0.8585,0.945,0.8,32,40,0.775,0.775,use degree when largest_component_frac is low (< 0.9018),,False
degree_assortativity,exploratory,-0.3131,40,9,0,actor|airports_europe|amazon_computers|artnet_exp|foursquare_tips|nematode_mammal|ppi_mouse|questions|twitch_engb,-0.2252-0.0268,-0.3152-0.2021,0.1219,-0.3085,low,10,0.75,-0.3152,-0.3019,0.725,29,40,0.775,0.775,use degree when degree_assortativity is low (< -0.3085),,False
majority_class_frac,exploratory,-0.2845,40,9,0,actor|airports_europe|amazon_computers|artnet_exp|foursquare_tips|nematode_mammal|ppi_mouse|questions|twitch_engb,0.2556-0.9702,0.1085-0.8922,0.0856,0.8961,high,7,0.825,0.8922,0.9,0.775,31,40,0.775,0.775,use degree when majority_class_frac is high (> 0.8961),,False
degree_gini,exploratory,-0.0069,40,9,0,actor|airports_europe|amazon_computers|artnet_exp|foursquare_tips|nematode_mammal|ppi_mouse|questions|twitch_engb,0.4856-0.7481,0.1769-0.7328,0.013,0.7391,high,7,0.825,0.7328,0.7455,0.825,33,40,0.775,0.775,use degree when degree_gini is high (> 0.7391),,False
edge_homophily,exploratory,-0.1548,40,9,0,actor|airports_europe|amazon_computers|artnet_exp|foursquare_tips|nematode_mammal|ppi_mouse|questions|twitch_engb,0.0000-0.8396,0.0000-0.9314,0.013,0.9186,high,10,0.75,0.9058,0.9314,0.65,26,40,0.775,0.775,use degree when edge_homophily is high (> 0.9186),,False
n_classes,primary,0.1244,40,9,0,actor|airports_europe|amazon_computers|artnet_exp|foursquare_tips|nematode_mammal|ppi_mouse|questions|twitch_engb,2.0000-10.0000,2.0000-42.0000,-0.0057,30.0,high,10,0.75,18.0,42.0,0.675,27,40,0.775,0.775,use degree when n_classes is high (> 30.0),,False
psi_vg_stability,degree,0.1442,40,9,0,actor|airports_europe|amazon_computers|artnet_exp|foursquare_tips|nematode_mammal|ppi_mouse|questions|twitch_engb,0.1584-0.8190,0.1034-0.9999,0.0026,0.1252,low,10,0.75,0.1034,0.1469,0.675,27,40,0.775,0.775,use degree when psi_vg_stability is low (< 0.1252),,False
