dataset,panel,homophily_adjusted,largest_component_frac,rule1_pred,rule2_pred,actual_verdict,rule1_correct,rule2_correct,rules_agree,disagreement_result
cora,discovery,0.7711,0.9177,keep original,keep original,keep original,True,True,True,rules agree
enzymes,discovery,0.3613,0.0064,keep original,keep original,keep original,True,True,True,rules agree
ogbn_arxiv,discovery,0.5877,1.0,keep original,augment,no LP cell,no decision,no decision,False,"disagree, undecided (no LP cell)"
ogbl_ddi,discovery,,1.0,n/a,augment,augment,n/a,True,,R1 n/a (unlabelled)
roman_empire,discovery,-0.0468,1.0,augment,augment,augment,True,True,True,rules agree
tolokers,discovery,0.0926,1.0,augment,augment,augment,True,True,True,rules agree
questions,discovery,0.0207,1.0,augment,augment,augment,True,True,True,rules agree
citeseer_linqs,held-out,0.6731,0.6464,keep original,keep original,keep original,True,True,True,rules agree
proteins,held-out,0.3552,0.0143,keep original,keep original,keep original,True,True,True,rules agree
pubmed,held-out,0.686,1.0,keep original,augment,tie,no decision,no decision,False,"disagree, undecided (tie)"
actor,held-out,0.0028,1.0,augment,augment,augment,True,True,True,rules agree
minesweeper,held-out,0.0094,1.0,augment,augment,keep original,False,False,True,rules agree
amazon_photo,held-out,0.785,0.9787,keep original,augment,tie,no decision,no decision,False,"disagree, undecided (tie)"
lastfm_asia,held-out,0.8562,1.0,keep original,augment,keep original,True,False,False,"R1 correct, R2 wrong"
amazon_ratings,held-out,0.1402,1.0,augment,augment,keep original,False,False,True,rules agree
squirrel_filtered,held-out,0.0086,1.0,augment,augment,augment,True,True,True,rules agree
