dataset,feature,graph_scope,nodes,mean,std,skew,pct_zero,pct_unique,min,max,degenerate
cora,degree,full,2708,3.89808,5.227818,15.2714,0.0,1.3663,1.0,168.0,False
cora,eigenvector_centrality,full,2708,0.077201,0.245917,3.2902,2.62,87.0753,0.0,1.0,False
cora,psi,full,2708,-14.266886,31.740084,-16.6766,0.0,82.5332,-1097.960535,-1.000003,False
cora,clustering,full,2708,0.240673,0.32202,1.3077,45.72,4.8375,0.0,1.0,False
enzymes,degree,full,19474,3.8289,1.116135,0.3976,0.0,0.0462,1.0,9.0,True
enzymes,eigenvector_centrality,full,19474,0.33457,0.32197,0.6219,0.09,85.3035,0.0,1.0,False
enzymes,psi,full,19474,-59.228263,60.310161,-0.5329,0.0,45.8817,-261.481018,-1.00601,False
enzymes,clustering,full,19474,0.402442,0.297867,0.3818,19.68,0.2208,0.0,1.0,True
ogbn_arxiv,degree,full,169343,13.674011,68.638109,106.1425,0.0,0.323,1.0,13161.0,True
ogbn_arxiv,eigenvector_centrality,full,169343,0.002015,0.006399,47.7474,24.84,96.0282,0.0,1.0,False
ogbn_arxiv,psi,full,169343,-101.960937,775.207561,-126.4463,0.0,90.113,-157656.820133,-1.0,False
ogbn_arxiv,clustering,full,169343,0.226129,0.243751,1.5538,26.98,5.9902,0.0,1.0,False
ogbl_ddi,degree,ogb_train_edges,4267,500.544176,420.47808,0.7176,0.0,29.7399,1.0,2234.0,False
ogbl_ddi,eigenvector_centrality,ogb_train_edges,4267,0.24283,0.220597,0.612,0.0,91.985,2e-06,1.0,False
ogbl_ddi,psi,ogb_train_edges,4267,-16622.060032,14248.041712,-0.7666,0.0,30.2554,-76726.076344,-4.184571,False
ogbl_ddi,clustering,ogb_train_edges,4267,0.514259,0.219137,-0.3382,4.38,88.4931,0.0,1.0,False
roman_empire,degree,full,22662,2.905922,1.025649,1.5077,0.0,0.0485,2.0,14.0,True
roman_empire,eigenvector_centrality,full,22662,0.000459,0.011353,47.4272,37.0,99.9956,0.0,1.0,False
roman_empire,psi,full,22662,-2.305713,1.243408,-26.9601,0.0,99.9956,-84.684823,-1.306853,False
roman_empire,clustering,full,22662,0.385901,0.368491,0.6571,28.65,0.1368,0.0,1.0,True
tolokers,degree,full,11758,88.28032,161.818791,4.3006,0.0,6.4127,1.0,2138.0,False
tolokers,eigenvector_centrality,full,11758,0.048271,0.101974,3.9551,0.23,98.6137,0.0,1.0,False
tolokers,psi,full,11758,-2536.033928,5217.663596,-4.7678,0.0,29.4353,-73335.26052,-1.126814,False
tolokers,clustering,full,11758,0.532906,0.282159,0.2242,5.0,58.0371,0.0,1.0,False
questions,degree,full,48921,6.277059,27.112726,17.4282,0.0,0.6541,1.0,1539.0,True
questions,eigenvector_centrality,full,48921,0.005872,0.021825,12.2577,0.61,57.0389,0.0,1.0,False
questions,psi,full,48921,-60.117069,188.71594,-18.3424,0.0,33.6788,-12286.524791,-1.000009,False
questions,clustering,full,48921,0.030685,0.128647,6.2192,83.1,3.8736,0.0,1.0,False
