zone,predictor,tier,n_cells,n_psi,n_degree,psi_values,degree_values,spearman_rho,threshold,psi_side,n_exceptions,accuracy,interval_lo,interval_hi,loo_accuracy,loo_correct,loo_folds,majority_baseline,separation_by_chance,expected_free_winners,rho_vs_avg_degree,rho_vs_density,rule
all,avg_degree,primary,10,5,5,66.1059|88.2803|32.2464|25.5516|32.7395,7.0155|30.0401|35.7564|6.2771|9.9141,0.5919,17.7328,high,2,0.8,9.9141,25.5516,0.7,7,10,0.5,0.0079,0.07,,0.6364,use psi when avg_degree is high (> 17.7328)
all,density,exploratory,10,5,5,0.0127|0.0075|0.0034|0.0055|0.0171,0.0009|0.0755|0.0026|0.0001|0.0014,0.5222,0.003,high,1,0.9,0.0026,0.0034,0.7,7,10,0.5,0.0079,0.07,0.6364,,use psi when density is high (> 0.003)
all,components,primary,10,5,5,1.0000|1.0000|1.0000|1.0000|1.0000,1.0000|1.0000|314.0000|1.0000|1.0000,-0.3333,157.5,low,4,0.6,1.0,314.0,0.5556,5,9,0.5,0.0079,0.07,0.2901,-0.1741,use psi when components is low (< 157.5)
all,largest_component_frac,primary,10,5,5,1.0000|1.0000|1.0000|1.0000|1.0000,1.0000|1.0000|0.9730|1.0000|1.0000,0.3333,0.9865,high,4,0.6,0.973,1.0,0.5556,5,9,0.5,0.0079,0.07,-0.2901,0.1741,use psi when largest_component_frac is high (> 0.9865)
all,degree_skew,exploratory,10,5,5,2.6943|4.3006|19.9644|7.9029|5.6370,51.7858|1.8024|17.3433|17.4282|14.4123,-0.3133,11.1576,low,2,0.8,7.9029,14.4123,0.8,8,10,0.5,0.0079,0.07,-0.5515,-0.8545,use psi when degree_skew is low (< 11.1576)
all,nodes,exploratory,10,5,5,5196.0000|11758.0000|9498.0000|4648.0000|1912.0000,7600.0000|399.0000|13752.0000|48921.0000|7126.0000,-0.2437,6161.0,low,3,0.7,5196.0,7126.0,0.3,3,10,0.5,0.0079,0.07,-0.0545,-0.7333,use psi when nodes is low (< 6161.0)
all,avg_clustering,primary,10,5,5,0.1224|0.5329|0.2009|0.2225|0.3199,0.0802|0.5393|0.3441|0.0307|0.1309,0.1741,0.1013,high,3,0.7,0.0802,0.1224,0.5,5,10,0.5,0.0079,0.07,0.5879,0.697,use psi when avg_clustering is high (> 0.1013)
all,degree_gini,exploratory,10,5,5,0.3944|0.6905|0.6304|0.6273|0.6069,0.5691|0.5701|0.5607|0.7455|0.6106,0.1741,0.5885,high,3,0.7,0.5701,0.6069,0.3,3,10,0.5,0.0079,0.07,-0.2727,-0.2727,use psi when degree_gini is high (> 0.5885)
all,degree_assortativity,exploratory,10,5,5,-0.0200|-0.0803|-0.1152|-0.1891|-0.2325,-0.0469|-0.2252|-0.0565|-0.1519|-0.1219,-0.0348,-0.2288,low,4,0.6,-0.2325,-0.2252,0.0,0,10,0.5,0.0079,0.07,0.2848,-0.3333,use psi when degree_assortativity is low (< -0.2288)
