predictor,tier,n_augmenting,n_degree,n_missing,degree_datasets,degree_range,rest_range,spearman_rho,threshold,degree_side,n_exceptions,accuracy,interval_lo,interval_hi,loo_accuracy,loo_correct,loo_folds,majority_baseline,loo_majority,rule,blocked_by,credible
degree_skew,exploratory,24,5,0,actor|airports_europe|amazon_computers|questions|twitch_engb,1.8024-51.7858,1.5077-67.7562,0.3335,13.4028,high,4,0.8333,12.3933,14.4123,0.7917,19,24,0.7917,0.7917,use degree when degree_skew is high (> 13.4028),,False
homophily_adjusted,primary,24,5,0,actor|airports_europe|amazon_computers|questions|twitch_engb,-0.0741-0.6823,-0.0468-0.8724,-0.3038,-0.0605,low,4,0.8333,-0.0741,-0.0468,0.8333,20,24,0.7917,0.7917,use degree when homophily_adjusted is low (< -0.0605),,False
avg_degree,primary,24,5,0,actor|airports_europe|amazon_computers|questions|twitch_engb,6.2771-35.7564,2.9059-88.2803,-0.2594,7.1549,low,5,0.7917,7.0155,7.2943,0.6667,16,24,0.7917,0.7917,use degree when avg_degree is low (< 7.1549),,False
avg_clustering,primary,24,5,0,actor|airports_europe|amazon_computers|questions|twitch_engb,0.0307-0.5393,0.0602-0.6364,-0.2446,0.0454,low,4,0.8333,0.0307,0.0602,0.75,18,24,0.7917,0.7917,use degree when avg_clustering is low (< 0.0454),,False
nbr_predictability_adjusted,primary,24,5,0,actor|airports_europe|amazon_computers|questions|twitch_engb,-0.0041-0.8505,-0.3274-0.9188,-0.2297,-0.0007,low,5,0.7917,-0.0041,0.0028,0.7083,17,24,0.7917,0.7917,use degree when nbr_predictability_adjusted is low (< -0.0007),,False
density,exploratory,24,5,0,actor|airports_europe|amazon_computers|questions|twitch_engb,0.0001-0.0755,0.0001-0.1178,-0.2224,0.0002,low,5,0.7917,0.0001,0.0002,0.6667,16,24,0.7917,0.7917,use degree when density is low (< 0.0002),,False
nbr_label_entropy,exploratory,24,5,0,actor|airports_europe|amazon_computers|questions|twitch_engb,0.1139-0.6296,0.0681-0.8036,-0.2001,0.0853,low,6,0.75,0.0681,0.1026,0.6667,16,24,0.7917,0.7917,use degree when nbr_label_entropy is low (< 0.0853),,False
majority_class_frac,exploratory,24,5,0,actor|airports_europe|amazon_computers|questions|twitch_engb,0.2556-0.9702,0.1085-0.7818,0.1556,0.876,high,4,0.8333,0.7818,0.9702,0.7917,19,24,0.7917,0.7917,use degree when majority_class_frac is high (> 0.876),,False
degree_assortativity,exploratory,24,5,0,actor|airports_europe|amazon_computers|questions|twitch_engb,-0.2252--0.0469,-0.2747-0.2021,-0.126,-0.2511,low,6,0.75,-0.2747,-0.2275,0.75,18,24,0.7917,0.7917,use degree when degree_assortativity is low (< -0.2511),,False
nodes,exploratory,24,5,0,actor|airports_europe|amazon_computers|questions|twitch_engb,399.0000-48921.0000,131.0000-37700.0000,0.126,43310.5,high,4,0.8333,37700.0,48921.0,0.75,18,24,0.7917,0.7917,use degree when nodes is high (> 43310.5),,False
degree_gini,exploratory,24,5,0,actor|airports_europe|amazon_computers|questions|twitch_engb,0.5607-0.7455,0.1769-0.7328,-0.0815,0.7391,high,4,0.8333,0.7328,0.7455,0.75,18,24,0.7917,0.7917,use degree when degree_gini is high (> 0.7391),,False
n_classes,primary,24,5,0,actor|airports_europe|amazon_computers|questions|twitch_engb,2.0000-10.0000,2.0000-42.0000,-0.0688,30.0,high,6,0.75,18.0,42.0,0.75,18,24,0.7917,0.7917,use degree when n_classes is high (> 30.0),,False
edge_homophily,exploratory,24,5,0,actor|airports_europe|amazon_computers|questions|twitch_engb,0.2167-0.8396,0.0469-0.9314,-0.0519,0.127,low,6,0.75,0.0469,0.2072,0.7083,17,24,0.7917,0.7917,use degree when edge_homophily is low (< 0.127),,False
largest_component_frac,primary,24,5,0,actor|airports_europe|amazon_computers|questions|twitch_engb,0.9730-1.0000,0.8201-1.0000,0.0104,0.8934,low,6,0.75,0.8201,0.9667,0.7083,17,24,0.7917,0.7917,use degree when largest_component_frac is low (< 0.8934),,False
components,primary,24,5,0,actor|airports_europe|amazon_computers|questions|twitch_engb,1.0000-314.0000,1.0000-356.0000,0.0104,291.0,high,5,0.7917,268.0,314.0,0.75,18,24,0.7917,0.7917,use degree when components is high (> 291.0),,False
