dataset,k,nodes,edges,clamped_frac,lambda_min,lambda_max,sig_spearman,rho_degree_psi,rho_degree_lambda,jaccard_cross,overlap_ratio
cora,10,2708,5278,0.1237,-0.2433,5.3725,0.7118,-0.4508,0.118,0.0727,0.0909
enzymes,10,19474,37282,0.4706,-0.2896,5.7883,0.8919,-0.592,-0.2878,0.069,0.1121
roman_empire,10,22662,32927,0.0001,-0.0538,11.1743,-0.7944,0.1564,0.0143,0.1583,0.1583
questions,10,48921,153540,0.6109,-0.0118,12.3631,0.4939,-0.4189,0.3458,0.0278,0.0749
squirrel_filtered,10,2223,46998,0.3666,-0.0153,0.9962,0.8385,-0.8871,-0.5527,0.0281,0.0311
amazon_ratings,10,24492,93050,0.0304,-0.0118,27.3017,0.7315,0.0937,0.5391,0.163,0.1775
amazon_photo,10,7650,119081,0.2662,-0.081,0.661,0.6258,-0.8586,-0.2549,0.0135,0.0162
lastfm_asia,10,7624,27806,0.0897,-0.032,5.1291,0.5339,-0.7606,0.0332,0.0485,0.0549
pubmed,10,19717,44324,0.2179,-0.0309,9.2785,0.4985,-0.5603,0.3152,0.1267,0.1812
actor,10,7600,26659,0.1408,-0.0122,3.0785,0.4737,-0.6679,0.1974,0.0423,0.0549
minesweeper,10,10000,39402,0.0332,-0.034,4.3553,0.993,-0.3357,-0.232,0.6906,1.0723
citeseer_linqs,10,3264,4536,0.3805,-0.2294,9.6584,0.7856,-0.042,0.4119,0.0535,0.1206
proteins,10,43466,81044,0.3756,-0.2884,11.3898,0.916,-0.529,-0.2338,0.0751,0.1185
twitch_es,10,4648,59382,0.6721,-0.0278,0.7282,0.4847,-0.8856,-0.139,0.0095,0.0144
twitch_de,10,9498,153138,0.4189,-0.0181,0.3544,0.5061,-0.8635,-0.0822,0.0098,0.0137
twitch_fr,10,6549,112666,0.6766,-0.02,0.2636,0.4472,-0.8932,-0.1187,0.0068,0.0104
twitch_ptbr,10,1912,31299,0.8938,-0.0293,0.2629,0.4256,-0.9665,-0.3208,0.0096,0.0137
ppi_rat,10,7050,14783,0.6137,-0.1982,7.0102,0.5867,-0.311,0.3501,0.0289,0.0908
