dataset,anp,winner_signals,branch,decided,actual
actor,,degree,n/a,True,degree
airports_brazil,0.1667,centrality,centrality,True,centrality
airports_europe,0.1246,degree|psi,centrality,False,tie
airports_usa,0.2963,centrality,centrality,True,centrality
amazon_computers,0.8505,degree|psi,centrality,False,tie
blogcatalog,0.6204,centrality|degree|psi,centrality,False,tie
email_eu_core,0.7258,centrality|degree|psi,centrality,False,tie
flickr_attr,0.4223,centrality|degree|psi,centrality,False,tie
github,0.3872,degree|psi,centrality,False,tie
lastfm_asia,,centrality,n/a,True,centrality
polblogs,0.898,centrality|degree|psi,centrality,False,tie
pubmed,,centrality,n/a,True,centrality
questions,-0.0041,degree,residual,True,degree
roman_empire,0.3324,centrality,centrality,True,centrality
squirrel,0.0188,centrality|degree|psi,centrality,False,tie
squirrel_filtered,,centrality|degree,n/a,False,tie
tolokers,-0.3274,psi,residual,True,psi
twitch_de,0.1235,psi,centrality,True,psi
twitch_engb,0.0661,degree,centrality,True,degree
twitch_es,0.0625,degree|psi,centrality,False,tie
twitch_fr,0.0899,degree|psi,centrality,False,tie
twitch_ptbr,0.1422,degree|psi,centrality,False,tie
twitch_ru,0.0028,degree|psi,residual,False,tie
wikics,0.771,degree|psi,centrality,False,tie
