dataset,clamp%,psi,psi_pqnorm,psi_shift,best_rival,rival_score,psi_wins,psi_pqnorm_wins,psi_shift_wins
ogbl_ddi,99.1,0.0423,,,hybrid_degree,0.0565,False,,
amherst41,98.6,0.6517,0.6367,0.637,centrality,0.6749,False,False,False
johnshopkins55,91.3,0.6819,0.6687,0.6686,centrality,0.716,False,False,False
reed98,91.1,0.6455,0.63,0.6253,centrality,0.6562,False,False,False
cornell5,84.9,0.6918,0.6774,0.6804,centrality,0.7078,False,False,False
tolokers,76.0,0.708,0.6762,0.6824,centrality,0.7013,True,False,False
questions,63.1,0.4996,0.4798,0.5211,hybrid_degree,0.5757,False,False,False
enzymes,42.3,0.6247,0.5379,0.6094,original,0.6986,False,False,False
citeseer_linqs,37.0,0.501,0.5391,0.5137,original,0.6279,False,False,False
squirrel_filtered,33.8,0.7607,0.758,0.7631,centrality,0.7764,False,False,False
proteins,32.7,0.5615,0.5271,0.5713,original,0.6739,False,False,False
amazon_photo,21.1,0.7176,0.6559,0.6729,original,0.7915,False,False,False
pubmed,19.9,0.5873,0.5277,0.5815,hybrid_centrality,0.6533,False,False,False
actor,15.0,0.6485,0.6414,0.636,degree,0.6649,False,False,False
cora,13.9,0.5095,0.5295,0.5026,original,0.6189,False,False,False
lastfm_asia,11.2,0.6661,0.6487,0.6544,hybrid_centrality,0.7284,False,False,False
amazon_ratings,2.8,0.5632,0.4759,0.5595,original,0.7571,False,False,False
minesweeper,0.5,0.6246,0.5686,0.6209,original,0.7133,False,False,False
roman_empire,0.1,0.5376,0.5132,0.5369,hybrid_centrality,0.6872,False,False,False
ogbn_arxiv,,,,,,,,,
chameleon_filtered,,,,,,,,,
texas,,,,,,,,,
