dataset,nodes,edges,degree_classes,psi_eta2_raw,psi_eta2_floor,psi_explained_by_degree
actor,7600.0,26659.0,89.0,0.529357,0.01158,0.523842
questions,48921.0,153540.0,320.0,0.233626,0.006521,0.228596
foursquare_tips,6404.0,9443.0,47.0,0.117368,0.007184,0.110981
ppi_rat,7050.0,14783.0,90.0,0.143845,0.012626,0.132897
blogcatalog,5196.0,171743.0,285.0,0.986694,0.054668,0.985925
airports_usa,1190.0,13599.0,144.0,0.722903,0.120269,0.685021
nematode_mammal,30516.0,61597.0,124.0,0.148274,0.004031,0.144827
twitch_de,9498.0,153138.0,318.0,0.750451,0.033379,0.741834
airports_brazil,131.0,1003.0,45.0,0.980339,0.338462,0.97028
airports_europe,399.0,5993.0,102.0,0.965063,0.253769,0.953182
plant_pol_kato,772.0,1206.0,35.0,0.457077,0.044099,0.432031
foursquare_checkin,4930.0,13422.0,47.0,0.329094,0.009333,0.322774
email_eu_core,1005.0,16064.0,141.0,0.983462,0.139442,0.980782
polblogs,1490.0,16715.0,145.0,0.965213,0.096709,0.961489
plant_pol_robertson,1884.0,15255.0,130.0,0.915208,0.068508,0.908972
twitch_ptbr,1912.0,31299.0,187.0,0.936619,0.097331,0.929785
twitch_ru,4385.0,37304.0,165.0,0.612211,0.037409,0.59714
twitch_engb,7126.0,35324.0,130.0,0.496683,0.018105,0.487403
escorts,16730.0,39044.0,118.0,0.203278,0.006994,0.197667
lastfm_asia,7624.0,27806.0,98.0,0.633959,0.012725,0.629241
squirrel_filtered,2223.0,46998.0,244.0,0.800545,0.109361,0.776054
twitch_es,4648.0,59382.0,228.0,0.790607,0.048849,0.779853
ppi_mouse,18838.0,74510.0,199.0,0.357367,0.010511,0.35054
twitch_fr,6549.0,112666.0,285.0,0.80391,0.043372,0.79502
crocodile,11631.0,170773.0,320.0,0.841003,0.027429,0.836519
pubmed,19717.0,44324.0,82.0,0.332883,0.004108,0.330131
roman_empire,22662.0,32927.0,11.0,0.053299,0.000441,0.052881
squirrel,5201.0,198353.0,392.0,0.880156,0.075192,0.870412
wikics,11701.0,215603.0,335.0,0.832822,0.028547,0.82791
flickr_attr,7575.0,239738.0,493.0,0.952829,0.064959,0.949552
amazon_computers,13752.0,245861.0,347.0,0.818732,0.025162,0.814054
coauthor_physics,34493.0,247962.0,172.0,0.915914,0.004958,0.915495
artnet_exp,50405.0,280348.0,196.0,0.46906,0.003869,0.466998
github,37700.0,289003.0,362.0,0.565981,0.009576,0.561785
bag_of_words_kos,10336.0,353160.0,437.0,0.807936,0.042187,0.799476
penn94,41554.0,1362229.0,497.0,0.888778,0.011937,0.887434
bag_of_words_nips,13919.0,746316.0,800.0,0.996986,0.057408,0.996803
genius,421961.0,922868.0,592.0,0.196688,0.001401,0.195561
twitch_gamers,168114.0,6797557.0,1803.0,0.851502,0.010719,0.849893
