dataset,arm,nodes,floored_frac,deg1_frac,lambda_min,rho_vs_psi,rho_vs_degree,overlap_ratio
roman_empire,psi,22662,0.0001,0.0,-0.05379,1.0,0.1564,1.0001
roman_empire,psi_qnorm,22662,0.3527,0.0,-0.1781,-0.0053,0.3738,0.0004
roman_empire,psi_pqnorm,22662,0.0,0.0,8.772e-09,0.2149,-0.6654,0.0004
roman_empire,psi_shift,22662,0.0,0.0,0.0,0.9993,0.1691,0.2019
cora,psi,2708,0.1237,0.1791,-0.2433,1.0,-0.4508,1.3733
cora,psi_qnorm,2708,0.4457,0.1791,-0.3306,0.3544,0.0449,0.0187
cora,psi_pqnorm,2708,0.1902,0.1791,0.0,0.3426,-0.0862,0.0179
cora,psi_shift,2708,0.0015,0.1791,0.0,0.8119,-0.8323,0.1706
enzymes,psi,19474,0.4706,0.0099,-0.2896,1.0,-0.592,4.0059
enzymes,psi_qnorm,19474,0.2895,0.0099,-0.3671,0.2024,0.1125,0.0248
enzymes,psi_pqnorm,19474,0.018,0.0099,-5.548e-17,0.4069,-0.696,0.0312
enzymes,psi_shift,19474,0.0001,0.0099,0.0,0.9549,-0.7083,0.3139
amherst41,psi,2235,0.9919,0.0157,-0.02533,1.0,-0.9999,1.325
amherst41,psi_qnorm,2235,0.7092,0.0157,-0.05334,0.7436,-0.7437,0.4802
amherst41,psi_pqnorm,2235,0.0157,0.0157,0.0,0.9992,-0.9993,0.1685
amherst41,psi_shift,2235,0.0004,0.0157,0.0,0.9996,-0.9997,0.2771
