dataset,inner_seed,k,nodes,inner_edges,probe_degree,probe_psi,probe_centrality,probe_original,probe_degree_psi,probe_degree_rival,probe_augment,blocked_by
actor,1234,10.0,7600.0,13063.0,0.560871,0.55144,0.486528,0.595421,0.009431,0.009431,-0.03455,
airports_brazil,1234,10.0,131.0,491.0,0.596909,0.615373,0.586824,0.566182,-0.018464,-0.018464,0.049191,
airports_europe,1234,10.0,399.0,2937.0,0.66612,0.67278,0.679428,0.56509,-0.00666,-0.013308,0.114338,
airports_usa,1234,10.0,1190.0,6663.0,0.687657,0.687895,0.734215,0.765106,-0.000238,-0.046558,-0.030891,
amazon_computers,1234,10.0,13471.0,120472.0,0.643548,0.675826,0.680196,0.693882,-0.032278,-0.036648,-0.013686,
artnet_exp,1234,10.0,50405.0,137371.0,0.60587,0.595134,0.618033,0.69598,0.010736,-0.012163,-0.077947,
bag_of_words_kos,1234,10.0,10336.0,173048.0,0.406983,0.408459,0.411719,0.245887,-0.001476,-0.004736,0.165832,
blogcatalog,1234,10.0,5196.0,84154.0,0.563507,0.58435,0.590924,0.586035,-0.020843,-0.027417,0.004889,
board_directors,1234,10.0,1797.0,1661.0,,,,,,,,only 0 inner held-out edges (< 200) - the graph is near-acyclic
celegans_neural,1234,10.0,446.0,2044.0,0.563639,0.585528,0.594615,0.66774,-0.021889,-0.030976,-0.073125,
coauthor_cs,1234,10.0,18333.0,40128.0,0.576426,0.584329,0.620354,0.722509,-0.007903,-0.043928,-0.102155,
coauthor_physics,1234,10.0,34493.0,121501.0,0.62104,0.653808,0.695499,0.789004,-0.032768,-0.074459,-0.093505,
cora_full,1234,10.0,19793.0,31077.0,0.546011,0.510308,0.541121,0.629873,0.035703,0.00489,-0.083862,
cora_ml,1234,10.0,2995.0,3998.0,0.518031,0.527819,0.552834,0.593951,-0.009788,-0.034803,-0.041117,
crocodile,1234,10.0,11631.0,83679.0,0.633543,0.671466,0.672469,0.38089,-0.037923,-0.038926,0.291579,
dblp,1234,10.0,17716.0,25905.0,0.593998,0.520008,0.546351,0.682917,0.07399,0.047647,-0.088919,
email_eu_core,1234,10.0,986.0,7871.0,0.612098,0.607361,0.630516,0.610222,0.004737,-0.018418,0.020294,
escorts,1234,10.0,16730.0,19132.0,0.542146,0.503693,0.54143,0.425496,0.038453,0.000716,0.11665,
flickr_attr,1234,10.0,7575.0,117472.0,0.575558,0.571518,0.586807,0.268786,0.00404,-0.011249,0.318021,
foursquare_checkin,1234,10.0,4929.0,6577.0,0.510546,0.478295,0.498291,0.535723,0.032251,0.012255,-0.025177,
foursquare_tips,1234,10.0,6400.0,5980.0,0.497725,0.395848,0.364172,0.391151,0.101877,0.101877,0.106574,
genius,1234,10.0,421865.0,452206.0,0.265761,0.329713,0.270777,0.210771,-0.063952,-0.063952,0.118942,
github,1234,10.0,37700.0,141611.0,0.662661,0.650662,0.556793,0.516133,0.011999,0.011999,0.146528,
lastfm_asia,1234,10.0,7624.0,13625.0,0.59509,0.581078,0.637597,0.733344,0.014012,-0.042507,-0.095747,
messal_shale,1234,10.0,686.0,3076.0,0.47022,0.490389,0.503782,0.454859,-0.020169,-0.033562,0.048923,
nematode_mammal,1234,10.0,30516.0,30183.0,0.48002,0.432382,0.431865,0.472965,0.047638,0.047638,0.007055,
penn94,1234,10.0,41554.0,667492.0,0.637189,0.640843,0.637084,0.679685,-0.003654,-0.003654,-0.038842,
plant_pol_kato,1234,10.0,770.0,768.0,,,,,,,,only 76 inner held-out edges (< 200) - the graph is near-acyclic
plant_pol_robertson,1234,10.0,1884.0,7475.0,0.457913,0.464018,0.461524,0.316916,-0.006105,-0.006105,0.147102,
polblogs,1234,10.0,1224.0,8191.0,0.632502,0.620483,0.65,0.585242,0.012019,-0.017498,0.064758,
ppi_mouse,1234,10.0,18802.0,36510.0,0.564396,0.533069,0.38279,0.436261,0.031327,0.031327,0.128135,
ppi_rat,1234,10.0,7036.0,7244.0,0.358759,0.493349,0.334567,0.403929,-0.13459,-0.13459,0.08942,
pubmed,1234,10.0,19717.0,21719.0,0.385387,0.434099,0.454967,0.384952,-0.048712,-0.06958,0.070015,
questions,1234,10.0,48921.0,75235.0,0.498027,0.487551,0.504011,0.476114,0.010476,-0.005984,0.027897,
roman_empire,1234,10.0,22662.0,22661.0,0.560202,0.561371,0.663314,0.596696,-0.001169,-0.103112,0.066618,
squirrel,1234,10.0,5201.0,97193.0,0.633686,0.655214,0.653443,0.64965,-0.021528,-0.021528,0.005564,
squirrel_filtered,1234,10.0,2223.0,23029.0,0.766707,0.762645,0.790586,0.880056,0.004062,-0.023879,-0.08947,
twitch_de,1234,10.0,9498.0,75038.0,0.598297,0.600302,0.59622,0.412191,-0.002005,-0.002005,0.188111,
twitch_engb,1234,10.0,7126.0,17309.0,0.558067,0.563239,0.525548,0.54394,-0.005172,-0.005172,0.019299,
twitch_es,1234,10.0,4648.0,29097.0,0.586515,0.585607,0.581688,0.437261,0.000908,0.000908,0.149254,
twitch_fr,1234,10.0,6549.0,55206.0,0.5794,0.57898,0.576799,0.376051,0.00042,0.00042,0.203349,
twitch_ptbr,1234,10.0,1912.0,15336.0,0.565907,0.572,0.580521,0.431689,-0.006093,-0.014614,0.148832,
twitch_ru,1234,10.0,4385.0,18279.0,0.590163,0.580523,0.57225,0.423244,0.00964,0.00964,0.166919,
wiki_attr,1234,10.0,2363.0,5682.0,0.581434,0.609277,0.596686,0.626607,-0.027843,-0.027843,-0.01733,
wikics,1234,10.0,11364.0,105645.0,0.694155,0.691286,0.691644,0.678705,0.002869,0.002511,0.01545,
