dataset,task,task_family,metric,original,best_augmented,best_variant,best_variant_kind,gap_abs,gap_rel,gap_sigma,original_rank,verdict,fixed_variant,fixed_augmented,gap_fixed_abs,gap_fixed_rel,gap_fixed_sigma,verdict_fixed,verdict_agrees,usable,nodes,edges,density,avg_degree,max_degree,degree_std,degree_skew,degree_gini,distinct_degrees,components,largest_component_frac,isolates,avg_clustering,degree_assortativity,n_classes,majority_class_frac,edge_homophily,node_homophily,homophily_null,homophily_adjusted,nbr_predictability,nbr_predictability_adjusted,nbr_label_entropy,rule1_pred,in_zone,original_retention
actor,link prediction (AUC),link prediction,auc,0.597,0.6649,degree,replacement,0.0679,0.1137,3.81,4,augment,centrality,0.5887,-0.0083,-0.0139,-0.46,tie,False,True,7600,26659,0.000923,7.0155,1303,17.7721,51.7858,0.5691,89,1,1.0,0,0.0802,-0.0469,5,0.2586,0.2167,0.2199,0.2146,0.0028,0.263,0.006,0.5092,augment,True,0.006227
amazon_photo,link prediction (AUC),link prediction,auc,0.7915,0.7816,hybrid,additive,-0.0099,-0.0125,-0.59,1,tie,centrality,0.6837,-0.1078,-0.1362,-5.52,keep original,False,True,7650,119081,0.00407,31.1323,1434,47.2745,10.4167,0.5188,248,136,0.9787,115,0.404,-0.0449,8,0.2537,0.8272,0.8493,0.1964,0.785,0.9278,0.9033,0.1563,keep original,False,0.005744
amazon_ratings,link prediction (AUC),link prediction,auc,0.7571,0.6555,hybrid,additive,-0.1016,-0.1342,-6.97,1,keep original,centrality,0.6235,-0.1336,-0.1765,-8.41,keep original,True,True,24492,93050,0.00031,7.5984,132,5.9712,6.9167,0.2669,80,1,1.0,0,0.5816,-0.092,5,0.3679,0.3804,0.3757,0.2793,0.1402,0.4366,0.1087,0.5263,augment,True,0.023665
cora,link prediction (AUC),link prediction,auc,0.6189,0.5621,centrality,replacement,-0.0568,-0.0918,-3.85,1,keep original,centrality,0.5621,-0.0568,-0.0918,-3.85,keep original,True,True,2708,5278,0.00144,3.8981,168,5.2278,15.2714,0.4051,37,78,0.9177,0,0.2407,-0.0659,7,0.3021,0.81,0.8252,0.1698,0.7711,0.8704,0.8143,0.1108,keep original,False,0.022546
enzymes,link prediction (AUC),link prediction,auc,0.6986,0.6542,centrality,replacement,-0.0444,-0.0636,-4.62,1,keep original,centrality,0.6542,-0.0444,-0.0636,-4.62,keep original,True,True,19474,37282,0.000197,3.8289,9,1.1161,0.3976,0.1569,9,640,0.0064,0,0.4024,0.1755,3,0.4949,0.6653,0.6682,0.4759,0.3613,0.7396,0.4844,0.3721,keep original,False,0.028539
lastfm_asia,link prediction (AUC),link prediction,auc,0.7159,0.7049,hybrid,additive,-0.011,-0.0154,-0.81,1,tie,centrality,0.6737,-0.0422,-0.0589,-2.98,keep original,False,True,7624,27806,0.000957,7.2943,216,11.4991,5.7024,0.5835,98,1,1.0,0,0.2194,0.0171,18,0.2062,0.8739,0.8332,0.1231,0.8562,0.8808,0.8498,0.0681,keep original,False,0.009422
minesweeper,link prediction (AUC),link prediction,auc,0.7133,0.6684,hybrid,additive,-0.0449,-0.0629,-3.89,1,keep original,centrality,0.5979,-0.1154,-0.1618,-7.07,keep original,True,True,10000,39402,0.000788,7.8804,8,0.5903,-4.7716,0.0146,3,1,1.0,0,0.4355,0.3915,2,0.8,0.6828,0.6829,0.6798,0.0094,0.8,0.0,0.6121,augment,True,0.017613
ogbl_ddi,link prediction (OGB official),link prediction,test_hits@20,0.0173,0.0519,centrality,replacement,0.0346,2.0,2.7,5,augment,centrality,0.0519,0.0346,2.0,2.7,augment,True,True,4267,1067911,0.117333,500.5442,2234,420.4781,0.7176,0.4689,1269,1,1.0,0,0.5143,0.0378,0,,,,,,,,,n/a,False,0.00583
pubmed,link prediction (AUC),link prediction,auc,0.6283,0.6201,centrality,replacement,-0.0082,-0.0131,-0.51,1,tie,centrality,0.6201,-0.0082,-0.0131,-0.51,tie,True,True,19717,44324,0.000228,4.496,171,7.431,5.2093,0.6037,82,1,1.0,0,0.0602,-0.0436,3,0.3994,0.8024,0.7924,0.3706,0.686,0.8166,0.6946,0.1264,keep original,False,0.003271
questions,link prediction (AUC),link prediction,auc,0.4769,0.5583,hybrid,additive,0.0814,0.1707,2.79,5,augment,centrality,0.519,0.0421,0.0883,1.84,augment,True,True,48921,153540,0.000128,6.2771,1539,27.1127,17.4282,0.7455,320,1,1.0,0,0.0307,-0.1519,2,0.9702,0.8396,0.898,0.8362,0.0207,0.97,-0.0041,0.1139,augment,True,0.002768
roman_empire,link prediction (AUC),link prediction,auc,0.5885,0.6853,centrality,replacement,0.0968,0.1645,6.25,2,augment,centrality,0.6853,0.0968,0.1645,6.25,augment,True,True,22662,32927,0.000128,2.9059,14,1.0256,1.5077,0.1769,11,1,1.0,0,0.3859,-0.0282,18,0.1396,0.0469,0.046,0.0895,-0.0468,0.4256,0.3324,0.3188,augment,True,0.003766
squirrel_filtered,link prediction (AUC),link prediction,auc,0.7423,0.7764,centrality,replacement,0.0341,0.0459,3.17,5,augment,centrality,0.7764,0.0341,0.0459,3.17,augment,True,True,2223,46998,0.019029,42.2834,693,74.9879,2.6578,0.715,244,1,1.0,0,0.4631,0.2021,5,0.3401,0.2072,0.1905,0.2003,0.0086,0.3482,0.0123,0.7443,augment,True,0.037448
tolokers,link prediction (AUC),link prediction,auc,0.6552,0.708,psi,replacement,0.0528,0.0806,2.29,5,augment,centrality,0.7013,0.0461,0.0704,1.98,augment,True,True,11758,519000,0.007509,88.2803,2138,161.8188,4.3006,0.6905,754,1,1.0,0,0.5329,-0.0803,2,0.7818,0.5945,0.6344,0.5532,0.0926,0.7103,-0.3274,0.7242,augment,True,0.00416
