scope,tier,signal,predictor,n_scored,n_missing,n_wins,n_sole_wins,wins,win_range,rest_range,spearman_rho,threshold,win_side,n_exceptions,accuracy,interval_lo,interval_hi,loo_accuracy,loo_correct,loo_folds,majority_baseline,loo_majority,folds_skipped,rule,tie_dominated,credible
all,primary,centrality,avg_clustering,14,0,4,3,lastfm_asia|pubmed|roman_empire|squirrel_filtered,0.0602-0.4631,0.0307-0.5816,-0.1177,0.0702,low,4,0.7143,0.0602,0.0802,0.5714,8,14,0.7143,0.7143,0,use centrality when avg_clustering is low (< 0.0702),False,False
all,primary,centrality,avg_degree,14,0,4,3,lastfm_asia|pubmed|roman_empire|squirrel_filtered,2.9059-42.2834,2.7794-88.2803,0.0,3.3175,low,4,0.7143,2.9059,3.7291,0.5714,8,14,0.7143,0.7143,0,use centrality when avg_degree is low (< 3.3175),False,False
all,primary,centrality,components,14,0,4,3,lastfm_asia|pubmed|roman_empire|squirrel_filtered,1.0000-1.0000,1.0000-1195.0000,-0.4571,39.5,low,5,0.6429,1.0,78.0,0.3571,5,14,0.7143,0.7143,0,use centrality when components is low (< 39.5),False,False
all,exploratory,centrality,degree_assortativity,14,0,4,3,lastfm_asia|pubmed|roman_empire|squirrel_filtered,-0.0436-0.2021,-0.1519-0.3915,0.2746,-0.0442,high,4,0.7143,-0.0449,-0.0436,0.3571,5,14,0.7143,0.7143,0,use centrality when degree_assortativity is high (> -0.0442),False,False
all,exploratory,centrality,degree_gini,14,0,4,3,lastfm_asia|pubmed|roman_empire|squirrel_filtered,0.1769-0.7150,0.0146-0.7455,0.3138,0.5763,high,3,0.7857,0.5691,0.5835,0.6429,9,14,0.7143,0.7143,0,use centrality when degree_gini is high (> 0.5763),False,False
all,exploratory,centrality,degree_skew,14,0,4,3,lastfm_asia|pubmed|roman_empire|squirrel_filtered,1.5077-5.7024,-4.7716-51.7858,-0.2353,6.3095,low,4,0.7143,5.7024,6.9167,0.3571,5,14,0.7143,0.7143,0,use centrality when degree_skew is low (< 6.3095),False,False
all,exploratory,centrality,density,14,0,4,3,lastfm_asia|pubmed|roman_empire|squirrel_filtered,0.0001-0.0190,0.0001-0.0075,0.0589,0.0133,high,3,0.7857,0.0075,0.019,0.7143,10,14,0.7143,0.7143,0,use centrality when density is high (> 0.0133),False,False
all,exploratory,centrality,edge_homophily,14,0,4,3,lastfm_asia|pubmed|roman_empire|squirrel_filtered,0.0469-0.8739,0.2167-0.8396,-0.1177,0.2119,low,2,0.8571,0.2072,0.2167,0.7143,10,14,0.7143,0.7143,0,use centrality when edge_homophily is low (< 0.2119),False,False
all,primary,centrality,homophily_adjusted,14,0,4,3,lastfm_asia|pubmed|roman_empire|squirrel_filtered,-0.0468-0.8562,0.0028-0.7850,-0.0392,-0.022,low,3,0.7857,-0.0468,0.0028,0.6429,9,14,0.7143,0.7143,0,use centrality when homophily_adjusted is low (< -0.022),False,False
all,primary,centrality,largest_component_frac,14,0,4,3,lastfm_asia|pubmed|roman_empire|squirrel_filtered,1.0000-1.0000,0.0064-1.0000,0.4571,0.0103,low,5,0.6429,0.0064,0.0143,0.2143,3,14,0.7143,0.7143,0,use centrality when largest_component_frac is low (< 0.0103),False,False
all,exploratory,centrality,majority_class_frac,14,0,4,3,lastfm_asia|pubmed|roman_empire|squirrel_filtered,0.1396-0.3994,0.2086-0.9702,-0.4315,0.2074,low,2,0.8571,0.2062,0.2086,0.7143,10,14,0.7143,0.7143,0,use centrality when majority_class_frac is low (< 0.2074),False,False
all,primary,centrality,n_classes,14,0,4,3,lastfm_asia|pubmed|roman_empire|squirrel_filtered,3.0000-18.0000,2.0000-8.0000,0.398,13.0,high,2,0.8571,8.0,18.0,0.8571,12,14,0.7143,0.7143,0,use centrality when n_classes is high (> 13.0),False,False
all,exploratory,centrality,nbr_label_entropy,14,0,4,3,lastfm_asia|pubmed|roman_empire|squirrel_filtered,0.0681-0.7443,0.0997-0.7242,-0.1177,0.0839,low,3,0.7857,0.0681,0.0997,0.7143,10,14,0.7143,0.7143,0,use centrality when nbr_label_entropy is low (< 0.0839),False,False
all,primary,centrality,nbr_predictability_adjusted,14,0,4,3,lastfm_asia|pubmed|roman_empire|squirrel_filtered,0.0123-0.8498,-0.3274-0.9033,0.2353,0.6897,high,4,0.7143,0.6849,0.6946,0.5,7,14,0.7143,0.7143,0,use centrality when nbr_predictability_adjusted is high (> 0.6897),False,False
all,exploratory,centrality,nodes,14,0,4,3,lastfm_asia|pubmed|roman_empire|squirrel_filtered,2223.0000-22662.0000,2708.0000-48921.0000,-0.1177,2465.5,low,3,0.7857,2223.0,2708.0,0.7143,10,14,0.7143,0.7143,0,use centrality when nodes is low (< 2465.5),False,False
all,primary,degree,avg_clustering,14,0,3,2,actor|questions|squirrel_filtered,0.0307-0.4631,0.0602-0.5816,-0.2807,0.0454,low,2,0.8571,0.0307,0.0602,0.7857,11,14,0.7857,0.7857,0,use degree when avg_clustering is low (< 0.0454),False,False
all,primary,degree,avg_degree,14,0,3,2,actor|questions|squirrel_filtered,6.2771-42.2834,2.7794-88.2803,0.2375,36.7079,high,3,0.7857,31.1323,42.2834,0.6429,9,14,0.7857,0.7857,0,use degree when avg_degree is high (> 36.7079),False,False
all,primary,degree,components,14,0,3,2,actor|questions|squirrel_filtered,1.0000-1.0000,1.0000-1195.0000,-0.3775,917.5,high,4,0.7143,640.0,1195.0,0.7143,10,14,0.7857,0.7857,0,use degree when components is high (> 917.5),False,False
all,exploratory,degree,degree_assortativity,14,0,3,2,actor|questions|squirrel_filtered,-0.1519-0.2021,-0.0920-0.3915,-0.1511,-0.122,low,2,0.8571,-0.1519,-0.092,0.7857,11,14,0.7857,0.7857,0,use degree when degree_assortativity is low (< -0.122),False,False
all,exploratory,degree,degree_gini,14,0,3,2,actor|questions|squirrel_filtered,0.5691-0.7455,0.0146-0.6905,0.583,0.7027,high,1,0.9286,0.6905,0.715,0.7857,11,14,0.7857,0.7857,0,use degree when degree_gini is high (> 0.7027),False,False
all,exploratory,degree,degree_skew,14,0,3,2,actor|questions|squirrel_filtered,2.6578-51.7858,-4.7716-15.2714,0.4102,16.3498,high,1,0.9286,15.2714,17.4282,0.7857,11,14,0.7857,0.7857,0,use degree when degree_skew is high (> 16.3498),False,False
all,exploratory,degree,density,14,0,3,2,actor|questions|squirrel_filtered,0.0001-0.0190,0.0001-0.0075,0.1297,0.0133,high,2,0.8571,0.0075,0.019,0.7857,11,14,0.7857,0.7857,0,use degree when density is high (> 0.0133),False,False
all,exploratory,degree,edge_homophily,14,0,3,2,actor|questions|squirrel_filtered,0.2072-0.8396,0.0469-0.8739,-0.1943,0.2985,low,2,0.8571,0.2167,0.3804,0.7857,11,14,0.7857,0.7857,0,use degree when edge_homophily is low (< 0.2985),False,False
all,primary,degree,homophily_adjusted,14,0,3,2,actor|questions|squirrel_filtered,0.0028-0.0207,-0.0468-0.8562,-0.5398,0.009,low,2,0.8571,0.0086,0.0094,0.7143,10,14,0.7857,0.7857,0,use degree when homophily_adjusted is low (< 0.009),False,False
all,primary,degree,largest_component_frac,14,0,3,2,actor|questions|squirrel_filtered,1.0000-1.0000,0.0064-1.0000,0.3775,0.0103,low,4,0.7143,0.0064,0.0143,0.6429,9,14,0.7857,0.7857,0,use degree when largest_component_frac is low (< 0.0103),False,False
all,exploratory,degree,majority_class_frac,14,0,3,2,actor|questions|squirrel_filtered,0.2586-0.9702,0.1396-0.8000,0.1511,0.8851,high,2,0.8571,0.8,0.9702,0.7857,11,14,0.7857,0.7857,0,use degree when majority_class_frac is high (> 0.8851),False,False
all,primary,degree,n_classes,14,0,3,2,actor|questions|squirrel_filtered,2.0000-5.0000,2.0000-18.0000,-0.1972,2.5,low,4,0.7143,2.0,3.0,0.7143,10,14,0.7857,0.7857,0,use degree when n_classes is low (< 2.5),False,False
all,exploratory,degree,nbr_label_entropy,14,0,3,2,actor|questions|squirrel_filtered,0.1139-0.7443,0.0681-0.7242,0.2375,0.7342,high,2,0.8571,0.7242,0.7443,0.7143,10,14,0.7857,0.7857,0,use degree when nbr_label_entropy is high (> 0.7342),False,False
all,primary,degree,nbr_predictability_adjusted,14,0,3,2,actor|questions|squirrel_filtered,-0.0041-0.0123,-0.3274-0.9033,-0.4966,0.0605,low,2,0.8571,0.0123,0.1087,0.6429,9,14,0.7857,0.7857,0,use degree when nbr_predictability_adjusted is low (< 0.0605),False,False
all,exploratory,degree,nodes,14,0,3,2,actor|questions|squirrel_filtered,2223.0000-48921.0000,2708.0000-43466.0000,-0.1511,2465.5,low,2,0.8571,2223.0,2708.0,0.7143,10,14,0.7857,0.7857,0,use degree when nodes is low (< 2465.5),False,False
all,primary,original,avg_clustering,14,0,7,7,amazon_photo|amazon_ratings|citeseer_linqs|cora|enzymes|minesweeper|proteins,0.1447-0.5816,0.0307-0.5329,0.3012,0.1124,high,4,0.7143,0.0802,0.1447,0.6429,9,14,0.5,0.0,0,use original when avg_clustering is high (> 0.1124),False,False
all,primary,original,avg_degree,14,0,7,7,amazon_photo|amazon_ratings|citeseer_linqs|cora|enzymes|minesweeper|proteins,2.7794-31.1323,2.9059-88.2803,-0.2304,4.197,low,4,0.7143,3.8981,4.496,0.6429,9,14,0.5,0.0,0,use original when avg_degree is low (< 4.197),False,False
all,primary,original,components,14,0,7,7,amazon_photo|amazon_ratings|citeseer_linqs|cora|enzymes|minesweeper|proteins,1.0000-1195.0000,1.0000-1.0000,0.7228,39.5,high,2,0.8571,1.0,78.0,0.8571,12,14,0.5,0.0,0,use original when components is high (> 39.5),False,False
all,exploratory,original,degree_assortativity,14,0,7,7,amazon_photo|amazon_ratings|citeseer_linqs|cora|enzymes|minesweeper|proteins,-0.0920-0.3915,-0.1519-0.2021,0.2304,0.0326,high,4,0.7143,0.0171,0.0481,0.5714,8,14,0.5,0.0,0,use original when degree_assortativity is high (> 0.0326),False,False
all,exploratory,original,degree_gini,14,0,7,7,amazon_photo|amazon_ratings|citeseer_linqs|cora|enzymes|minesweeper|proteins,0.0146-0.5188,0.1769-0.7455,-0.7265,0.544,low,1,0.9286,0.5188,0.5691,0.8571,12,14,0.5,0.0,0,use original when degree_gini is low (< 0.544),False,False
all,exploratory,original,degree_skew,14,0,7,7,amazon_photo|amazon_ratings|citeseer_linqs|cora|enzymes|minesweeper|proteins,-4.7716-15.2714,1.5077-51.7858,-0.1595,1.2588,low,4,0.7143,1.0099,1.5077,0.5714,8,14,0.5,0.0,0,use original when degree_skew is low (< 1.2588),False,False
all,exploratory,original,density,14,0,7,7,amazon_photo|amazon_ratings|citeseer_linqs|cora|enzymes|minesweeper|proteins,0.0001-0.0041,0.0001-0.0190,-0.1242,0.0009,low,5,0.6429,0.0009,0.0009,0.0,0,14,0.5,0.0,0,use original when density is low (< 0.0009),False,False
all,exploratory,original,edge_homophily,14,0,7,7,amazon_photo|amazon_ratings|citeseer_linqs|cora|enzymes|minesweeper|proteins,0.3804-0.8272,0.0469-0.8739,0.1595,0.2985,high,4,0.7143,0.2167,0.3804,0.6429,9,14,0.5,0.0,0,use original when edge_homophily is high (> 0.2985),False,False
all,primary,original,homophily_adjusted,14,0,7,7,amazon_photo|amazon_ratings|citeseer_linqs|cora|enzymes|minesweeper|proteins,0.0094-0.7850,-0.0468-0.8562,0.3721,0.1164,high,3,0.7857,0.0926,0.1402,0.5714,8,14,0.5,0.0,0,use original when homophily_adjusted is high (> 0.1164),False,False
all,primary,original,largest_component_frac,14,0,7,7,amazon_photo|amazon_ratings|citeseer_linqs|cora|enzymes|minesweeper|proteins,0.0064-1.0000,1.0000-1.0000,-0.7228,0.9893,low,2,0.8571,0.9787,1.0,0.7857,11,14,0.5,0.0,0,use original when largest_component_frac is low (< 0.9893),False,False
all,exploratory,original,majority_class_frac,14,0,7,7,amazon_photo|amazon_ratings|citeseer_linqs|cora|enzymes|minesweeper|proteins,0.2086-0.8000,0.1396-0.9702,0.0886,0.2074,high,5,0.6429,0.2062,0.2086,0.5,7,14,0.5,0.0,0,use original when majority_class_frac is high (> 0.2074),False,False
all,primary,original,n_classes,14,0,7,7,amazon_photo|amazon_ratings|citeseer_linqs|cora|enzymes|minesweeper|proteins,2.0000-8.0000,2.0000-18.0000,0.018,13.0,low,5,0.6429,8.0,18.0,0.2143,3,14,0.5,0.0,0,use original when n_classes is low (< 13.0),False,False
all,exploratory,original,nbr_label_entropy,14,0,7,7,amazon_photo|amazon_ratings|citeseer_linqs|cora|enzymes|minesweeper|proteins,0.0997-0.6121,0.0681-0.7443,-0.0532,0.6682,low,5,0.6429,0.6121,0.7242,0.0,0,14,0.5,0.0,0,use original when nbr_label_entropy is low (< 0.6682),False,False
all,primary,original,nbr_predictability_adjusted,14,0,7,7,amazon_photo|amazon_ratings|citeseer_linqs|cora|enzymes|minesweeper|proteins,0.0000-0.9033,-0.3274-0.8498,0.3367,0.0605,high,4,0.7143,0.0123,0.1087,0.5,7,14,0.5,0.0,0,use original when nbr_predictability_adjusted is high (> 0.0605),False,False
all,exploratory,original,nodes,14,0,7,7,amazon_photo|amazon_ratings|citeseer_linqs|cora|enzymes|minesweeper|proteins,2708.0000-43466.0000,2223.0000-48921.0000,-0.0177,2465.5,high,6,0.5714,2223.0,2708.0,0.0,0,14,0.5,0.0,0,use original when nodes is high (> 2465.5),False,False
all,primary,psi,avg_clustering,14,0,1,1,tolokers,0.5329-0.5329,0.0307-0.5816,0.3784,0.498,high,1,0.9286,0.4631,0.5329,0.9231,12,13,0.9286,1.0,1,use psi when avg_clustering is high (> 0.498),True,False
all,primary,psi,avg_degree,14,0,1,1,tolokers,88.2803-88.2803,2.7794-42.2834,0.4472,65.2818,high,0,1.0,42.2834,88.2803,1.0,13,13,0.9286,1.0,1,use psi when avg_degree is high (> 65.2818),True,False
all,primary,psi,components,14,0,1,1,tolokers,1.0000-1.0000,1.0000-1195.0000,-0.2005,917.5,high,2,0.8571,640.0,1195.0,0.9231,12,13,0.9286,1.0,1,use psi when components is high (> 917.5),True,False
all,exploratory,psi,degree_assortativity,14,0,1,1,tolokers,-0.0803--0.0803,-0.1519-0.3915,-0.3096,-0.122,low,2,0.8571,-0.1519,-0.092,0.8462,11,13,0.9286,1.0,1,use psi when degree_assortativity is low (< -0.122),True,False
all,exploratory,psi,degree_gini,14,0,1,1,tolokers,0.6905-0.6905,0.0146-0.7455,0.3096,0.0858,low,2,0.8571,0.0146,0.1569,0.7692,10,13,0.9286,1.0,1,use psi when degree_gini is low (< 0.0858),True,False
all,exploratory,psi,degree_skew,14,0,1,1,tolokers,4.3006-4.3006,-4.7716-51.7858,-0.1032,-2.187,low,2,0.8571,-4.7716,0.3976,0.9231,12,13,0.9286,1.0,1,use psi when degree_skew is low (< -2.187),True,False
all,exploratory,psi,density,14,0,1,1,tolokers,0.0075-0.0075,0.0001-0.0190,0.3788,0.0058,high,1,0.9286,0.0041,0.0075,0.9231,12,13,0.9286,1.0,1,use psi when density is high (> 0.0058),True,False
all,exploratory,psi,edge_homophily,14,0,1,1,tolokers,0.5945-0.5945,0.0469-0.8739,-0.172,0.127,low,2,0.8571,0.0469,0.2072,0.9231,12,13,0.9286,1.0,1,use psi when edge_homophily is low (< 0.127),True,False
all,primary,psi,homophily_adjusted,14,0,1,1,tolokers,0.0926-0.0926,-0.0468-0.8562,-0.1032,-0.022,low,2,0.8571,-0.0468,0.0028,0.9231,12,13,0.9286,1.0,1,use psi when homophily_adjusted is low (< -0.022),True,False
all,primary,psi,largest_component_frac,14,0,1,1,tolokers,1.0000-1.0000,0.0064-1.0000,0.2005,0.0103,low,2,0.8571,0.0064,0.0143,0.8462,11,13,0.9286,1.0,1,use psi when largest_component_frac is low (< 0.0103),True,False
all,exploratory,psi,majority_class_frac,14,0,1,1,tolokers,0.7818-0.7818,0.1396-0.9702,0.3096,0.1729,low,2,0.8571,0.1396,0.2062,0.7692,10,13,0.9286,1.0,1,use psi when majority_class_frac is low (< 0.1729),True,False
all,primary,psi,n_classes,14,0,1,1,tolokers,2.0000-2.0000,2.0000-18.0000,-0.3839,2.5,low,2,0.8571,2.0,3.0,0.8462,11,13,0.9286,1.0,1,use psi when n_classes is low (< 2.5),True,False
all,exploratory,psi,nbr_label_entropy,14,0,1,1,tolokers,0.7242-0.7242,0.0681-0.7443,0.3784,0.6682,high,1,0.9286,0.6121,0.7242,0.9231,12,13,0.9286,1.0,1,use psi when nbr_label_entropy is high (> 0.6682),True,False
all,primary,psi,nbr_predictability_adjusted,14,0,1,1,tolokers,-0.3274--0.3274,-0.0041-0.9033,-0.4472,-0.1658,low,0,1.0,-0.3274,-0.0041,1.0,13,13,0.9286,1.0,1,use psi when nbr_predictability_adjusted is low (< -0.1658),True,False
all,exploratory,psi,nodes,14,0,1,1,tolokers,11758.0000-11758.0000,2223.0000-48921.0000,0.0344,2465.5,low,2,0.8571,2223.0,2708.0,0.8462,11,13,0.9286,1.0,1,use psi when nodes is low (< 2465.5),True,False
augmented,primary,centrality,avg_clustering,7,0,4,3,lastfm_asia|pubmed|roman_empire|squirrel_filtered,0.0602-0.4631,0.0307-0.5329,0.1443,0.0454,high,2,0.7143,0.0307,0.0602,0.4286,3,7,0.5714,0.0,0,use centrality when avg_clustering is high (> 0.0454),False,False
augmented,primary,centrality,avg_degree,7,0,4,3,lastfm_asia|pubmed|roman_empire|squirrel_filtered,2.9059-42.2834,6.2771-88.2803,-0.2887,5.3865,low,2,0.7143,4.496,6.2771,0.4286,3,7,0.5714,0.0,0,use centrality when avg_degree is low (< 5.3865),False,False
augmented,primary,centrality,components,7,0,4,3,lastfm_asia|pubmed|roman_empire|squirrel_filtered,1.0000-1.0000,1.0000-1.0000,,,,-1,,,,,0,0,0.5714,,-1,,False,False
augmented,exploratory,centrality,degree_assortativity,7,0,4,3,lastfm_asia|pubmed|roman_empire|squirrel_filtered,-0.0436-0.2021,-0.1519--0.0469,0.866,-0.0452,high,0,1.0,-0.0469,-0.0436,0.7143,5,7,0.5714,0.0,0,use centrality when degree_assortativity is high (> -0.0452),False,False
augmented,exploratory,centrality,degree_gini,7,0,4,3,lastfm_asia|pubmed|roman_empire|squirrel_filtered,0.1769-0.7150,0.5691-0.7455,-0.2887,0.6471,low,2,0.7143,0.6037,0.6905,0.0,0,7,0.5714,0.0,0,use centrality when degree_gini is low (< 0.6471),False,False
augmented,exploratory,centrality,degree_skew,7,0,4,3,lastfm_asia|pubmed|roman_empire|squirrel_filtered,1.5077-5.7024,4.3006-51.7858,-0.5774,11.5653,low,1,0.8571,5.7024,17.4282,0.4286,3,7,0.5714,0.0,0,use centrality when degree_skew is low (< 11.5653),False,False
augmented,exploratory,centrality,density,7,0,4,3,lastfm_asia|pubmed|roman_empire|squirrel_filtered,0.0001-0.0190,0.0001-0.0075,0.0728,0.0002,high,3,0.5714,0.0001,0.0002,0.0,0,7,0.5714,0.0,0,use centrality when density is high (> 0.0002),False,False
augmented,exploratory,centrality,edge_homophily,7,0,4,3,lastfm_asia|pubmed|roman_empire|squirrel_filtered,0.0469-0.8739,0.2167-0.8396,-0.1443,0.2119,low,2,0.7143,0.2072,0.2167,0.4286,3,7,0.5714,0.0,0,use centrality when edge_homophily is low (< 0.2119),False,False
augmented,primary,centrality,homophily_adjusted,7,0,4,3,lastfm_asia|pubmed|roman_empire|squirrel_filtered,-0.0468-0.8562,0.0028-0.0926,0.1443,0.3893,high,2,0.7143,0.0926,0.686,0.0,0,7,0.5714,0.0,0,use centrality when homophily_adjusted is high (> 0.3893),False,False
augmented,primary,centrality,largest_component_frac,7,0,4,3,lastfm_asia|pubmed|roman_empire|squirrel_filtered,1.0000-1.0000,1.0000-1.0000,,,,-1,,,,,0,0,0.5714,,-1,,False,False
augmented,exploratory,centrality,majority_class_frac,7,0,4,3,lastfm_asia|pubmed|roman_empire|squirrel_filtered,0.1396-0.3994,0.2586-0.9702,-0.5774,0.5906,low,1,0.8571,0.3994,0.7818,0.5714,4,7,0.5714,0.0,0,use centrality when majority_class_frac is low (< 0.5906),False,False
augmented,primary,centrality,n_classes,7,0,4,3,lastfm_asia|pubmed|roman_empire|squirrel_filtered,3.0000-18.0000,2.0000-5.0000,0.6676,2.5,high,1,0.8571,2.0,3.0,0.7143,5,7,0.5714,0.0,0,use centrality when n_classes is high (> 2.5),False,False
augmented,exploratory,centrality,nbr_label_entropy,7,0,4,3,lastfm_asia|pubmed|roman_empire|squirrel_filtered,0.0681-0.7443,0.1139-0.7242,-0.1443,0.414,low,2,0.7143,0.3188,0.5092,0.0,0,7,0.5714,0.0,0,use centrality when nbr_label_entropy is low (< 0.414),False,False
augmented,primary,centrality,nbr_predictability_adjusted,7,0,4,3,lastfm_asia|pubmed|roman_empire|squirrel_filtered,0.0123-0.8498,-0.3274-0.0060,0.866,0.0092,high,0,1.0,0.006,0.0123,0.7143,5,7,0.5714,0.0,0,use centrality when nbr_predictability_adjusted is high (> 0.0092),False,True
augmented,exploratory,centrality,nodes,7,0,4,3,lastfm_asia|pubmed|roman_empire|squirrel_filtered,2223.0000-22662.0000,7600.0000-48921.0000,-0.1443,35791.5,low,2,0.7143,22662.0,48921.0,0.0,0,7,0.5714,0.0,0,use centrality when nodes is low (< 35791.5),False,False
augmented,primary,degree,avg_clustering,7,0,3,2,actor|questions|squirrel_filtered,0.0307-0.4631,0.0602-0.5329,-0.2887,0.0454,low,2,0.7143,0.0307,0.0602,0.5714,4,7,0.5714,0.5714,0,use degree when avg_clustering is low (< 0.0454),False,False
augmented,primary,degree,avg_degree,7,0,3,2,actor|questions|squirrel_filtered,6.2771-42.2834,2.9059-88.2803,0.1443,5.3865,high,2,0.7143,4.496,6.2771,0.7143,5,7,0.5714,0.5714,0,use degree when avg_degree is high (> 5.3865),False,False
augmented,primary,degree,components,7,0,3,2,actor|questions|squirrel_filtered,1.0000-1.0000,1.0000-1.0000,,,,-1,,,,,0,0,0.5714,,-1,,False,False
augmented,exploratory,degree,degree_assortativity,7,0,3,2,actor|questions|squirrel_filtered,-0.1519-0.2021,-0.0803-0.0171,-0.1443,-0.1161,low,2,0.7143,-0.1519,-0.0803,0.4286,3,7,0.5714,0.5714,0,use degree when degree_assortativity is low (< -0.1161),False,False
augmented,exploratory,degree,degree_gini,7,0,3,2,actor|questions|squirrel_filtered,0.5691-0.7455,0.1769-0.6905,0.433,0.7027,high,1,0.8571,0.6905,0.715,0.5714,4,7,0.5714,0.5714,0,use degree when degree_gini is high (> 0.7027),False,False
augmented,exploratory,degree,degree_skew,7,0,3,2,actor|questions|squirrel_filtered,2.6578-51.7858,1.5077-5.7024,0.433,11.5653,high,1,0.8571,5.7024,17.4282,0.7143,5,7,0.5714,0.5714,0,use degree when degree_skew is high (> 11.5653),False,False
augmented,exploratory,degree,density,7,0,3,2,actor|questions|squirrel_filtered,0.0001-0.0190,0.0001-0.0075,0.0728,0.0133,high,2,0.7143,0.0075,0.019,0.0,0,7,0.5714,0.5714,0,use degree when density is high (> 0.0133),False,False
augmented,exploratory,degree,edge_homophily,7,0,3,2,actor|questions|squirrel_filtered,0.2072-0.8396,0.0469-0.8739,-0.1443,0.4056,low,2,0.7143,0.2167,0.5945,0.2857,2,7,0.5714,0.5714,0,use degree when edge_homophily is low (< 0.4056),False,False
augmented,primary,degree,homophily_adjusted,7,0,3,2,actor|questions|squirrel_filtered,0.0028-0.0207,-0.0468-0.8562,-0.433,0.0566,low,1,0.8571,0.0207,0.0926,0.7143,5,7,0.5714,0.5714,0,use degree when homophily_adjusted is low (< 0.0566),False,False
augmented,primary,degree,largest_component_frac,7,0,3,2,actor|questions|squirrel_filtered,1.0000-1.0000,1.0000-1.0000,,,,-1,,,,,0,0,0.5714,,-1,,False,False
augmented,exploratory,degree,majority_class_frac,7,0,3,2,actor|questions|squirrel_filtered,0.2586-0.9702,0.1396-0.7818,0.2887,0.2324,high,2,0.7143,0.2062,0.2586,0.2857,2,7,0.5714,0.5714,0,use degree when majority_class_frac is high (> 0.2324),False,False
augmented,primary,degree,n_classes,7,0,3,2,actor|questions|squirrel_filtered,2.0000-5.0000,2.0000-18.0000,-0.2225,11.5,low,2,0.7143,5.0,18.0,0.0,0,7,0.5714,0.5714,0,use degree when n_classes is low (< 11.5),False,False
augmented,exploratory,degree,nbr_label_entropy,7,0,3,2,actor|questions|squirrel_filtered,0.1139-0.7443,0.0681-0.7242,0.2887,0.414,high,2,0.7143,0.3188,0.5092,0.0,0,7,0.5714,0.5714,0,use degree when nbr_label_entropy is high (> 0.414),False,False
augmented,primary,degree,nbr_predictability_adjusted,7,0,3,2,actor|questions|squirrel_filtered,-0.0041-0.0123,-0.3274-0.8498,-0.433,0.1723,low,1,0.8571,0.0123,0.3324,0.7143,5,7,0.5714,0.5714,0,use degree when nbr_predictability_adjusted is low (< 0.1723),False,False
augmented,exploratory,degree,nodes,7,0,3,2,actor|questions|squirrel_filtered,2223.0000-48921.0000,7624.0000-22662.0000,-0.2887,7612.0,low,1,0.8571,7600.0,7624.0,0.5714,4,7,0.5714,0.5714,0,use degree when nodes is low (< 7612.0),False,False
augmented,primary,original,avg_clustering,7,0,0,0,,,0.0307-0.5329,,,,-1,,,,,0,0,1.0,,-1,,True,False
augmented,primary,original,avg_degree,7,0,0,0,,,2.9059-88.2803,,,,-1,,,,,0,0,1.0,,-1,,True,False
augmented,primary,original,components,7,0,0,0,,,1.0000-1.0000,,,,-1,,,,,0,0,1.0,,-1,,True,False
augmented,exploratory,original,degree_assortativity,7,0,0,0,,,-0.1519-0.2021,,,,-1,,,,,0,0,1.0,,-1,,True,False
augmented,exploratory,original,degree_gini,7,0,0,0,,,0.1769-0.7455,,,,-1,,,,,0,0,1.0,,-1,,True,False
augmented,exploratory,original,degree_skew,7,0,0,0,,,1.5077-51.7858,,,,-1,,,,,0,0,1.0,,-1,,True,False
augmented,exploratory,original,density,7,0,0,0,,,0.0001-0.0190,,,,-1,,,,,0,0,1.0,,-1,,True,False
augmented,exploratory,original,edge_homophily,7,0,0,0,,,0.0469-0.8739,,,,-1,,,,,0,0,1.0,,-1,,True,False
augmented,primary,original,homophily_adjusted,7,0,0,0,,,-0.0468-0.8562,,,,-1,,,,,0,0,1.0,,-1,,True,False
augmented,primary,original,largest_component_frac,7,0,0,0,,,1.0000-1.0000,,,,-1,,,,,0,0,1.0,,-1,,True,False
augmented,exploratory,original,majority_class_frac,7,0,0,0,,,0.1396-0.9702,,,,-1,,,,,0,0,1.0,,-1,,True,False
augmented,primary,original,n_classes,7,0,0,0,,,2.0000-18.0000,,,,-1,,,,,0,0,1.0,,-1,,True,False
augmented,exploratory,original,nbr_label_entropy,7,0,0,0,,,0.0681-0.7443,,,,-1,,,,,0,0,1.0,,-1,,True,False
augmented,primary,original,nbr_predictability_adjusted,7,0,0,0,,,-0.3274-0.8498,,,,-1,,,,,0,0,1.0,,-1,,True,False
augmented,exploratory,original,nodes,7,0,0,0,,,2223.0000-48921.0000,,,,-1,,,,,0,0,1.0,,-1,,True,False
augmented,primary,psi,avg_clustering,7,0,1,1,tolokers,0.5329-0.5329,0.0307-0.4631,0.6124,0.498,high,0,1.0,0.4631,0.5329,0.8333,5,6,0.8571,1.0,1,use psi when avg_clustering is high (> 0.498),True,False
augmented,primary,psi,avg_degree,7,0,1,1,tolokers,88.2803-88.2803,2.9059-42.2834,0.6124,65.2818,high,0,1.0,42.2834,88.2803,1.0,6,6,0.8571,1.0,1,use psi when avg_degree is high (> 65.2818),True,False
augmented,primary,psi,components,7,0,1,1,tolokers,1.0000-1.0000,1.0000-1.0000,,,,-1,,,,,0,0,0.8571,,-1,,True,False
augmented,exploratory,psi,degree_assortativity,7,0,1,1,tolokers,-0.0803--0.0803,-0.1519-0.2021,-0.4082,-0.0636,low,1,0.8571,-0.0803,-0.0469,0.8333,5,6,0.8571,1.0,1,use psi when degree_assortativity is low (< -0.0636),True,False
augmented,exploratory,psi,degree_gini,7,0,1,1,tolokers,0.6905-0.6905,0.1769-0.7455,0.2041,0.373,low,2,0.7143,0.1769,0.5691,0.5,3,6,0.8571,1.0,1,use psi when degree_gini is low (< 0.373),True,False
augmented,exploratory,psi,degree_skew,7,0,1,1,tolokers,4.3006-4.3006,1.5077-51.7858,-0.2041,2.0827,low,2,0.7143,1.5077,2.6578,0.6667,4,6,0.8571,1.0,1,use psi when degree_skew is low (< 2.0827),True,False
augmented,exploratory,psi,density,7,0,1,1,tolokers,0.0075-0.0075,0.0001-0.0190,0.4119,0.0042,high,1,0.8571,0.001,0.0075,0.8333,5,6,0.8571,1.0,1,use psi when density is high (> 0.0042),True,False
augmented,exploratory,psi,edge_homophily,7,0,1,1,tolokers,0.5945-0.5945,0.0469-0.8739,0.0,0.127,low,2,0.7143,0.0469,0.2072,0.8333,5,6,0.8571,1.0,1,use psi when edge_homophily is low (< 0.127),True,False
augmented,primary,psi,homophily_adjusted,7,0,1,1,tolokers,0.0926-0.0926,-0.0468-0.8562,0.2041,-0.022,low,2,0.7143,-0.0468,0.0028,0.5,3,6,0.8571,1.0,1,use psi when homophily_adjusted is low (< -0.022),True,False
augmented,primary,psi,largest_component_frac,7,0,1,1,tolokers,1.0000-1.0000,1.0000-1.0000,,,,-1,,,,,0,0,0.8571,,-1,,True,False
augmented,exploratory,psi,majority_class_frac,7,0,1,1,tolokers,0.7818-0.7818,0.1396-0.9702,0.4082,0.5906,high,1,0.8571,0.3994,0.7818,0.8333,5,6,0.8571,1.0,1,use psi when majority_class_frac is high (> 0.5906),True,False
augmented,primary,psi,n_classes,7,0,1,1,tolokers,2.0000-2.0000,2.0000-18.0000,-0.5246,2.5,low,1,0.8571,2.0,3.0,0.6667,4,6,0.8571,1.0,1,use psi when n_classes is low (< 2.5),True,False
augmented,exploratory,psi,nbr_label_entropy,7,0,1,1,tolokers,0.7242-0.7242,0.0681-0.7443,0.4082,0.6167,high,1,0.8571,0.5092,0.7242,0.8333,5,6,0.8571,1.0,1,use psi when nbr_label_entropy is high (> 0.6167),True,False
augmented,primary,psi,nbr_predictability_adjusted,7,0,1,1,tolokers,-0.3274--0.3274,-0.0041-0.8498,-0.6124,-0.1658,low,0,1.0,-0.3274,-0.0041,1.0,6,6,0.8571,1.0,1,use psi when nbr_predictability_adjusted is low (< -0.1658),True,False
augmented,exploratory,psi,nodes,7,0,1,1,tolokers,11758.0000-11758.0000,2223.0000-48921.0000,0.0,4911.5,low,2,0.7143,2223.0,7600.0,0.8333,5,6,0.8571,1.0,1,use psi when nodes is low (< 4911.5),True,False
