feature_set,dims,NC F1,NC std,LP AUC,LP std,conclusion,Δ NC,Δ LP
deepwalk,,0.2023,0.003,0.5034,0.0061,"reference: no features, no message passing",0.0332,-0.1432
D0 all,4.0,0.16908254254626764,0.005276315294689158,0.6466435886707779,0.003495715078631318,degree + centrality + psi + clustering,0.0,0.0
D1 degree,1.0,0.12520760632096806,0.008166919968885978,0.522328657724988,0.018197557302273393,degree only,-0.0439,-0.1243
D2 deg+cent,2.0,0.15895658535121604,0.007664137779919846,0.589129251763637,0.008860268888377341,degree + eigenvector centrality,-0.0101,-0.0575
D3 psi,1.0,0.10763871905036154,0.000764846088505694,0.4632950847322566,0.003609207587339809,psi only (confounded: the psi graph was built from it),-0.0614,-0.1833
D7 centrality,1.0,0.14657742541935462,0.008843313546329262,0.5469996010297065,0.00722278434423493,"eigenvector centrality only (per-component normalized, see GRAPH_POLICY)",-0.0225,-0.0996
D8 clustering,1.0,0.1497646354799489,0.019140476028139064,0.5881749100691026,0.010759573569507352,local clustering coefficient only,-0.0193,-0.0585
D4 random,4.0,0.1888785114154193,0.009001938189124918,0.49630659623728973,0.005848653787940887,seeded random features - control: message passing alone,0.0198,-0.1503
D5 constant,1.0,0.10607064017660045,0.0,0.49229264680511226,0.028539707064563033,"identical rows -> z-norm zeros - floor, expect AUC ~ 0.50",-0.063,-0.1544
D6 features only,4.0,0.1602296000571991,0.009699174857818887,0.5870969727303043,0.023776836344570604,"raw features, no message passing (layers=0) - control: features alone",-0.0089,-0.0595
