dataset,sim,K,nodes,edges,avg_degree,components,isolates,path,max_degree
cora,centrality,5,2708,8362,6.18,40,0,output/notebook2_create_vir_graph/virtual_graphs/cora/k5/centrality/virtual_graph.edgelist,
cora,centrality,10,2708,16110,11.9,3,0,output/notebook2_create_vir_graph/virtual_graphs/cora/k10/centrality/virtual_graph.edgelist,
cora,centrality,20,2708,31925,23.58,1,0,output/notebook2_create_vir_graph/virtual_graphs/cora/k20/centrality/virtual_graph.edgelist,
cora,degree,5,2708,13236,9.78,17,0,output/notebook2_create_vir_graph/virtual_graphs/cora/k5/degree/virtual_graph.edgelist,
cora,degree,10,2708,26216,19.36,12,0,output/notebook2_create_vir_graph/virtual_graphs/cora/k10/degree/virtual_graph.edgelist,
cora,degree,20,2708,51353,37.93,11,0,output/notebook2_create_vir_graph/virtual_graphs/cora/k20/degree/virtual_graph.edgelist,
cora,hybrid,5,2708,13583,10.03,1,0,output/notebook2_create_vir_graph/virtual_graphs/cora/k5/hybrid/virtual_graph.edgelist,
cora,hybrid,10,2708,21399,15.8,1,0,output/notebook2_create_vir_graph/virtual_graphs/cora/k10/hybrid/virtual_graph.edgelist,
cora,hybrid,20,2708,36654,27.07,1,0,output/notebook2_create_vir_graph/virtual_graphs/cora/k20/hybrid/virtual_graph.edgelist,
cora,original,5,2708,5278,3.9,78,0,output/notebook2_create_vir_graph/virtual_graphs/cora/k5/original/virtual_graph.edgelist,
cora,original,10,2708,5278,3.9,78,0,output/notebook2_create_vir_graph/virtual_graphs/cora/k10/original/virtual_graph.edgelist,
cora,original,20,2708,5278,3.9,78,0,output/notebook2_create_vir_graph/virtual_graphs/cora/k20/original/virtual_graph.edgelist,
cora,psi,5,2708,8402,6.21,29,0,output/notebook2_create_vir_graph/virtual_graphs/cora/k5/psi/virtual_graph.edgelist,
cora,psi,10,2708,16251,12.0,2,0,output/notebook2_create_vir_graph/virtual_graphs/cora/k10/psi/virtual_graph.edgelist,
cora,psi,20,2708,31565,23.31,1,0,output/notebook2_create_vir_graph/virtual_graphs/cora/k20/psi/virtual_graph.edgelist,
enzymes,centrality,5,19474,58343,5.99,287,0,output/notebook2_create_vir_graph/virtual_graphs/enzymes/k5/centrality/virtual_graph.edgelist,
enzymes,centrality,10,19474,111773,11.48,9,0,output/notebook2_create_vir_graph/virtual_graphs/enzymes/k10/centrality/virtual_graph.edgelist,
enzymes,centrality,20,19474,216452,22.23,1,0,output/notebook2_create_vir_graph/virtual_graphs/enzymes/k20/centrality/virtual_graph.edgelist,
enzymes,degree,5,19474,97235,9.99,9,0,output/notebook2_create_vir_graph/virtual_graphs/enzymes/k5/degree/virtual_graph.edgelist,
enzymes,degree,10,19474,194264,19.95,8,0,output/notebook2_create_vir_graph/virtual_graphs/enzymes/k10/degree/virtual_graph.edgelist,
enzymes,degree,20,19474,387764,39.82,8,0,output/notebook2_create_vir_graph/virtual_graphs/enzymes/k20/degree/virtual_graph.edgelist,
enzymes,hybrid,5,19474,93667,9.62,1,0,output/notebook2_create_vir_graph/virtual_graphs/enzymes/k5/hybrid/virtual_graph.edgelist,
enzymes,hybrid,10,19474,146669,15.06,1,0,output/notebook2_create_vir_graph/virtual_graphs/enzymes/k10/hybrid/virtual_graph.edgelist,
enzymes,hybrid,20,19474,250391,25.72,1,0,output/notebook2_create_vir_graph/virtual_graphs/enzymes/k20/hybrid/virtual_graph.edgelist,
enzymes,original,5,19474,37282,3.83,640,0,output/notebook2_create_vir_graph/virtual_graphs/enzymes/k5/original/virtual_graph.edgelist,
enzymes,original,10,19474,37282,3.83,640,0,output/notebook2_create_vir_graph/virtual_graphs/enzymes/k10/original/virtual_graph.edgelist,
enzymes,original,20,19474,37282,3.83,640,0,output/notebook2_create_vir_graph/virtual_graphs/enzymes/k20/original/virtual_graph.edgelist,
enzymes,psi,5,19474,58210,5.98,324,0,output/notebook2_create_vir_graph/virtual_graphs/enzymes/k5/psi/virtual_graph.edgelist,
enzymes,psi,10,19474,111401,11.44,10,0,output/notebook2_create_vir_graph/virtual_graphs/enzymes/k10/psi/virtual_graph.edgelist,
enzymes,psi,20,19474,215358,22.12,1,0,output/notebook2_create_vir_graph/virtual_graphs/enzymes/k20/psi/virtual_graph.edgelist,
proteins,centrality,10,43466,327748,15.08,541,0,output/notebook2_create_vir_graph/virtual_graphs/proteins/k10/centrality/virtual_graph.edgelist,32.0
proteins,degree,10,43466,434169,19.98,9,0,output/notebook2_create_vir_graph/virtual_graphs/proteins/k10/degree/virtual_graph.edgelist,35.0
proteins,hybrid,10,43466,327547,15.07,1,0,output/notebook2_create_vir_graph/virtual_graphs/proteins/k10/hybrid/virtual_graph.edgelist,33.0
proteins,original,10,43466,81044,3.73,1195,0,output/notebook2_create_vir_graph/virtual_graphs/proteins/k10/original/virtual_graph.edgelist,25.0
proteins,psi,10,43466,250333,11.52,22,0,output/notebook2_create_vir_graph/virtual_graphs/proteins/k10/psi/virtual_graph.edgelist,31.0
